gram,counts,date
covid 19,150278,2020-10-09
white house,9937,2020-10-09
19 cases,6402,2020-10-09
donald trump,5221,2020-10-09
19 pandemic,5140,2020-10-09
coronavirus cases,4567,2020-10-09
19 test,3861,2020-10-09
coronavirus pandemic,3757,2020-10-09
coronavirus covid19,3750,2020-10-09
new cases,3648,2020-10-09
positive covid,3636,2020-10-09
covid19 coronavirus,3300,2020-10-09
president trump,3099,2020-10-09
tested positive,3094,2020-10-09
new covid,2694,2020-10-09
mental health,2641,2020-10-09
positive coronavirus,2321,2020-10-09
covid19 pandemic,2248,2020-10-09
public health,2178,2020-10-09
new coronavirus,2129,2020-10-09
nuevos casos,2059,2020-10-09
via youtube,2037,2020-10-09
due covid,2034,2020-10-09
new york,2002,2020-10-09
trump covid,1937,2020-10-09
super spreader,1859,2020-10-09
casos covid,1822,2020-10-09
19 vaccine,1761,2020-10-09
wear mask,1752,2020-10-09
19 diagnosis,1732,2020-10-09
spread covid,1615,2020-10-09
covid19 cases,1591,2020-10-09
social distancing,1501,2020-10-09
covid19 test,1464,2020-10-09
19 patients,1456,2020-10-09
24 horas,1390,2020-10-09
many people,1373,2020-10-09
casos coronavirus,1364,2020-10-09
coronavirus covid,1356,2020-10-09
in person,1345,2020-10-09
10 2020,1335,2020-10-09
sars cov,1325,2020-10-09
joe biden,1296,2020-10-09
lindsey graham,1281,2020-10-09
cases covid,1277,2020-10-09
united states,1273,2020-10-09
19 testing,1266,2020-10-09
take covid,1250,2020-10-09
trump says,1248,2020-10-09
coronavirus restrictions,1216,2020-10-09
october 2020,1200,2020-10-09
trump coronavirus,1179,2020-10-09
coronavirus relief,1173,2020-10-09
19 via,1172,2020-10-09
19 outbreak,1171,2020-10-09
gon na,1159,2020-10-09
herd immunity,1156,2020-10-09
masks public,1154,2020-10-09
100 000,1154,2020-10-09
test positive,1153,2020-10-09
fox news,1150,2020-10-09
active cases,1145,2020-10-09
public transportation,1145,2020-10-09
pay rise,1137,2020-10-09
tests positive,1135,2020-10-09
coronavirus stimulus,1123,2020-10-09
09 10,1111,2020-10-09
19 deaths,1097,2020-10-09
house blocked,1094,2020-10-09
contact tracing,1090,2020-10-09
coronavirus outbreak,1089,2020-10-09
24 hours,1086,2020-10-09
american people,1082,2020-10-09
requiring masks,1079,2020-10-09
second wave,1078,2020-10-09
fetal tissue,1074,2020-10-09
últimas 24,1065,2020-10-09
alarma madrid,1049,2020-10-09
tested negative,1041,2020-10-09
chris christie,1030,2020-10-09
developed using,1023,2020-10-09
19 tests,1013,2020-10-09
casos positivos,1011,2020-10-09
gt gt,996,2020-10-09
negative covid,988,2020-10-09
blocked requiring,979,2020-10-09
get covid,970,2020-10-09
prevent spread,954,2020-10-09
19 restrictions,951,2020-10-09
coronavirus test,951,2020-10-09
due coronavirus,946,2020-10-09
19 relief,945,2020-10-09
last week,938,2020-10-09
due covid19,917,2020-10-09
coronavirus vaccine,909,2020-10-09
testing positive,906,2020-10-09
gold star,898,2020-10-09
stay safe,883,2020-10-09
19 treatment,883,2020-10-09
died covid,881,2020-10-09
president donald,872,2020-10-09
000 americans,865,2020-10-09
supreme court,860,2020-10-09
spread covid19,858,2020-10-09
mcconnell says,843,2020-10-09
fake news,841,2020-10-09
trump administration,839,2020-10-09
appropriate behaviour,837,2020-10-09
jan andolan,832,2020-10-09
get tested,831,2020-10-09
pandemia covid19,825,2020-10-09
positive covid19,825,2020-10-09
long term,822,2020-10-09
lindseygrahamsc harrisonjaime,819,2020-10-09
since covid,818,2020-10-09
positivo covid,814,2020-10-09
new daily,812,2020-10-09
last negative,812,2020-10-09
protokol kesehatan,811,2020-10-09
task force,810,2020-10-09
coronavirus deaths,807,2020-10-09
mitch mcconnell,805,2020-10-09
health care,800,2020-10-09
19 di,798,2020-10-09
cells derived,795,2020-10-09
looks like,790,2020-10-09
spread coronavirus,784,2020-10-09
19 positive,782,2020-10-09
via yahoo,781,2020-10-09
impact covid,780,2020-10-09
19 appropriate,777,2020-10-09
make sure,777,2020-10-09
star families,772,2020-10-09
first time,769,2020-10-09
every day,767,2020-10-09
next week,767,2020-10-09
test results,764,2020-10-09
pandemia coronavirus,760,2020-10-09
casos confirmados,756,2020-10-09
pandemia covid,748,2020-10-09
new covid19,747,2020-10-09
19 response,746,2020-10-09
25th amendment,743,2020-10-09
coney barrett,742,2020-10-09
19 infection,741,2020-10-09
south carolina,735,2020-10-09
000 new,731,2020-10-09
19 update,730,2020-10-09
death toll,723,2020-10-09
one prophesied,722,2020-10-09
prophesied coronavirus,721,2020-10-09
amy coney,719,2020-10-09
19 crisis,718,2020-10-09
ravaging locusts,717,2020-10-09
wearing mask,715,2020-10-09
coronavirus december,715,2020-10-09
amid covid,713,2020-10-09
1st 2015,711,2020-10-09
december 1st,710,2020-10-09
positivo coronavirus,707,2020-10-09
2015 ravaging,707,2020-10-09
nancy pelosi,704,2020-10-09
stay home,702,2020-10-09
trump covid19,701,2020-10-09
york times,700,2020-10-09
novel coronavirus,698,2020-10-09
necessary precautions,697,2020-10-09
000 people,697,2020-10-09
locusts plaguelive,694,2020-10-09
relief package,692,2020-10-09
19 virus,691,2020-10-09
confirmed cases,690,2020-10-09
people died,688,2020-10-09
andolan covid,687,2020-10-09
19 also,686,2020-10-09
jesus lord,684,2020-10-09
china joins,683,2020-10-09
da covid,674,2020-10-09
around world,668,2020-10-09
chinese communist,665,2020-10-09
senate debate,664,2020-10-09
news coronavirus,659,2020-10-09
year old,659,2020-10-09
350 000,659,2020-10-09
via nytimes,658,2020-10-09
new deaths,657,2020-10-09
good news,656,2020-10-09
behaviour pledge,655,2020-10-09
coronavirus infections,655,2020-10-09
live updates,655,2020-10-09
wear masks,654,2020-10-09
using cells,653,2020-10-09
penyebaran covid,652,2020-10-09
taking necessary,652,2020-10-09
li meng,652,2020-10-09
contagios covid,652,2020-10-09
coronavirus via,651,2020-10-09
19 case,651,2020-10-09
died covid19,650,2020-10-09
plaguelive jesus,650,2020-10-09
work home,647,2020-10-09
meng yan,647,2020-10-09
taken jan,645,2020-10-09
take pledge,644,2020-10-09
communist party,642,2020-10-09
health officials,641,2020-10-09
lord radio,641,2020-10-09
help us,640,2020-10-09
radio fridayallnightvigil,639,2020-10-09
precautions prevent,636,2020-10-09
covid covid19,633,2020-10-09
coronavirus live,633,2020-10-09
also take,630,2020-10-09
mike pence,630,2020-10-09
210 000,628,2020-10-09
nursing homes,627,2020-10-09
covid19 covid_19,626,2020-10-09
positif covid,625,2020-10-09
responsibility taking,623,2020-10-09
daily record,623,2020-10-09
committed responsibility,622,2020-10-09
wash hands,622,2020-10-09
covid__19 covid19,620,2020-10-09
spreader event,618,2020-10-09
positive cases,611,2020-10-09
cases reported,610,2020-10-09
hold first,610,2020-10-09
nuevos contagios,607,2020-10-09
pledge committed,606,2020-10-09
boris johnson,606,2020-10-09
the one,603,2020-10-09
19 amp,600,2020-10-09
one day,596,2020-10-09
10 000,593,2020-10-09
trump hold,591,2020-10-09
cases coronavirus,590,2020-10-09
on camera,589,2020-10-09
first on,589,2020-10-09
via mygovindia,587,2020-10-09
camera interview,587,2020-10-09
segunda ola,584,2020-10-09
superspreader event,582,2020-10-09
new england,581,2020-10-09
wearing masks,579,2020-10-09
realdonaldtrump trump,579,2020-10-09
mask wearing,577,2020-10-09
20 000,572,2020-10-09
10 20,570,2020-10-09
trump last,569,2020-10-09
10 days,568,2020-10-09
pledge via,567,2020-10-09
10 10,566,2020-10-09
coronavirus hit,565,2020-10-09
loved ones,565,2020-10-09
death rate,563,2020-10-09
bbc news,558,2020-10-09
casos covid19,557,2020-10-09
know exactly,557,2020-10-09
americans died,554,2020-10-09
response covid,554,2020-10-09
dio positivo,552,2020-10-09
derived aborted,547,2020-10-09
state emergency,546,2020-10-09
200 000,544,2020-10-09
health experts,543,2020-10-09
new normal,542,2020-10-09
dr fauci,541,2020-10-09
presidential debate,541,2020-10-09
rose garden,539,2020-10-09
covid cases,536,2020-10-09
stimulus package,535,2020-10-09
casos nuevos,532,2020-10-09
covid19 sarscov2,531,2020-10-09
19 death,529,2020-10-09
failure generation,529,2020-10-09
generation know,529,2020-10-09
exactly messiah,529,2020-10-09
messiah caused,529,2020-10-09
caused trivialize,529,2020-10-09
trivialize supremacy,529,2020-10-09
supremacy the,529,2020-10-09
infected covid,528,2020-10-09
first in,527,2020-10-09
person event,527,2020-10-09
employees work,525,2020-10-09
unrestricted bioweapon,524,2020-10-09
two weeks,524,2020-10-09
england journal,523,2020-10-09
last 24,522,2020-10-09
qu il,520,2020-10-09
covid coronavirus,519,2020-10-09
het coronavirus,516,2020-10-09
journal medicine,515,2020-10-09
event white,515,2020-10-09
join us,514,2020-10-09
19 infections,512,2020-10-09
cases hit,512,2020-10-09
pandemi covid,510,2020-10-09
nuovi casi,508,2020-10-09
new report,505,2020-10-09
million people,505,2020-10-09
nouveaux cas,502,2020-10-09
take covid19,501,2020-10-09
amid coronavirus,501,2020-10-09
corona virus,499,2020-10-09
negative test,499,2020-10-09
single day,494,2020-10-09
octubre 2020,493,2020-10-09
recovery rate,492,2020-10-09
negative coronavirus,492,2020-10-09
trump said,490,2020-10-09
positivos covid,489,2020-10-09
covid19 deaths,488,2020-10-09
covid19 amp,486,2020-10-09
coronavirus task,486,2020-10-09
000 dead,486,2020-10-09
du covid,485,2020-10-09
19 recovery,484,2020-10-09
new death,484,2020-10-09
pro life,484,2020-10-09
fight covid,482,2020-10-09
covid test,482,2020-10-09
interview since,479,2020-10-09
casos activos,478,2020-10-09
dr yan,476,2020-10-09
save lives,475,2020-10-09
coronavirus update,475,2020-10-09
corona covid19,474,2020-10-09
du coronavirus,474,2020-10-09
would like,473,2020-10-09
top story,473,2020-10-09
cure covid,471,2020-10-09
cases covid19,471,2020-10-09
says coronavirus,470,2020-10-09
test covid,470,2020-10-09
14 days,468,2020-10-09
total cases,466,2020-10-09
cases deaths,466,2020-10-09
coronavirus crisis,466,2020-10-09
trump getting,463,2020-10-09
coronavirus made,461,2020-10-09
19 coronavirus,460,2020-10-09
face mask,460,2020-10-09
infected coronavirus,459,2020-10-09
est pas,458,2020-10-09
china whistleblower,457,2020-10-09
number new,457,2020-10-09
covid19 covid,457,2020-10-09
trump plans,455,2020-10-09
positive test,454,2020-10-09
covid19 vaccine,451,2020-10-09
19 lockdown,450,2020-10-09
months ago,448,2020-10-09
coronavirus covid_19,447,2020-10-09
45 000,447,2020-10-09
coronavirus lockdown,446,2020-10-09
need know,444,2020-10-09
stop spread,443,2020-10-09
coronavirus diagnosis,442,2020-10-09
joebiden kamalaharris,442,2020-10-09
graham refuses,442,2020-10-09
post covid,440,2020-10-09
well deserved,440,2020-10-09
peace prize,439,2020-10-09
coronavirus infection,438,2020-10-09
return public,437,2020-10-09
social media,437,2020-10-09
well done,436,2020-10-09
coronavirus trump,433,2020-10-09
coronavirus treatment,433,2020-10-09
spreading covid,432,2020-10-09
says covid,432,2020-10-09
coronavirus disease,431,2020-10-09
covid19 trump,428,2020-10-09
global pandemic,428,2020-10-09
contagios coronavirus,427,2020-10-09
covid19 positive,426,2020-10-09
cases rise,422,2020-10-09
via nyt,421,2020-10-09
campaign trail,419,2020-10-09
home permanently,419,2020-10-09
coronavirus corona,418,2020-10-09
rise coronavirus,417,2020-10-09
19 stimulus,416,2020-10-09
nobel peace,416,2020-10-09
two days,414,2020-10-09
last year,414,2020-10-09
new restrictions,414,2020-10-09
weeks ago,410,2020-10-09
record high,410,2020-10-09
population coronavirus,409,2020-10-09
comunidad madrid,409,2020-10-09
fauci says,407,2020-10-09
breaking news,406,2020-10-09
covid19 crisis,406,2020-10-09
get covid19,405,2020-10-09
sarscov2 forecast,405,2020-10-09
young people,405,2020-10-09
covid19 virus,405,2020-10-09
get coronavirus,403,2020-10-09
cases amp,403,2020-10-09
another covid,402,2020-10-09
new fears,402,2020-10-09
jobs risk,402,2020-10-09
oct 2020,401,2020-10-09
letting employees,401,2020-10-09
coronavirus response,400,2020-10-09
death population,400,2020-10-09
doug ford,400,2020-10-09
sounds like,399,2020-10-09
99 recovery,398,2020-10-09
house coronavirus,397,2020-10-09
tell us,397,2020-10-09
per day,396,2020-10-09
relief bill,396,2020-10-09
emergency madrid,395,2020-10-09
aborted fetal,394,2020-10-09
high risk,394,2020-10-09
go back,392,2020-10-09
take care,392,2020-10-09
cure covid19,392,2020-10-09
made lab,392,2020-10-09
world health,391,2020-10-09
please help,390,2020-10-09
microsoft letting,390,2020-10-09
election day,389,2020-10-09
walter reed,389,2020-10-09
high school,389,2020-10-09
daily coronavirus,388,2020-10-09
free covid,388,2020-10-09
carolina senate,387,2020-10-09
die covid,386,2020-10-09
coronavirus argentina,385,2020-10-09
tested covid,385,2020-10-09
vacuna oxford,385,2020-10-09
god bless,384,2020-10-09
time covid,383,2020-10-09
negative covid19,383,2020-10-09
including covid19,383,2020-10-09
like trump,380,2020-10-09
self isolate,380,2020-10-09
getting coronavirus,380,2020-10-09
across country,380,2020-10-09
covid__19 coronavirus,379,2020-10-09
covid19 covid__19,379,2020-10-09
yan coronavirus,378,2020-10-09
small businesses,378,2020-10-09
pcr test,377,2020-10-09
cases per,376,2020-10-09
hundreds people,376,2020-10-09
target human,376,2020-10-09
muertes covid,375,2020-10-09
bill gates,375,2020-10-09
people die,374,2020-10-09
slow spread,373,2020-10-09
health department,373,2020-10-09
lab target,373,2020-10-09
human chinese,373,2020-10-09
rishi sunak,372,2020-10-09
adma biologics,372,2020-10-09
increasingly desperate,371,2020-10-09
vacuna covid,370,2020-10-09
getting increasingly,370,2020-10-09
offer trillion,370,2020-10-09
19 spread,369,2020-10-09
trump campaign,369,2020-10-09
sparking new,369,2020-10-09
abc news,368,2020-10-09
desperate sparking,368,2020-10-09
uk coronavirus,368,2020-10-09
coronavirus unveiled,367,2020-10-09
cases today,366,2020-10-09
000 deaths,365,2020-10-09
live news,365,2020-10-09
corona pandemic,365,2020-10-09
real time,365,2020-10-09
19 vaccines,364,2020-10-09
flu shot,364,2020-10-09
despite covid,364,2020-10-09
19 outbreaks,364,2020-10-09
economic collapse,364,2020-10-09
event since,363,2020-10-09
du covid19,362,2020-10-09
face masks,362,2020-10-09
pandemic economic,362,2020-10-09
mps get,362,2020-10-09
got covid,361,2020-10-09
il coronavirus,360,2020-10-09
since march,360,2020-10-09
coronavirus still,360,2020-10-09
flu season,359,2020-10-09
fight covid19,359,2020-10-09
infectious disease,358,2020-10-09
total number,358,2020-10-09
fears health,358,2020-10-09
corona coronavirus,357,2020-10-09
untuk mencegah,357,2020-10-09
anthony fauci,357,2020-10-09
distancing mask,357,2020-10-09
in the,357,2020-10-09
oktober 2020,356,2020-10-09
even though,355,2020-10-09
deadly virus,355,2020-10-09
health amp,355,2020-10-09
next year,355,2020-10-09
mencegah penyebaran,354,2020-10-09
viruses including,354,2020-10-09
positive tests,353,2020-10-09
sign petition,353,2020-10-09
airborne viruses,353,2020-10-09
people need,352,2020-10-09
от covid,352,2020-10-09
want see,352,2020-10-09
tracing app,352,2020-10-09
take test,351,2020-10-09
fur farms,351,2020-10-09
hospitalized covid,350,2020-10-09
300 pay,350,2020-10-09
contracting covid,349,2020-10-09
anyone else,349,2020-10-09
house event,349,2020-10-09
coronavirus rules,348,2020-10-09
tucker carlson,348,2020-10-09
aborted fetus,347,2020-10-09
10 09,347,2020-10-09
au coronavirus,347,2020-10-09
the coronavirus,347,2020-10-09
world food,347,2020-10-09
government overreach,347,2020-10-09
trump amp,346,2020-10-09
refuses take,346,2020-10-09
wear face,346,2020-10-09
death cult,345,2020-10-09
daily covid,345,2020-10-09
impact covid19,345,2020-10-09
covid19 testing,345,2020-10-09
three weeks,345,2020-10-09
new infections,342,2020-10-09
2020 10,342,2020-10-09
virtual debate,342,2020-10-09
people covid,341,2020-10-09
highest number,341,2020-10-09
deaths reported,340,2020-10-09
trump still,340,2020-10-09
2020 covid,340,2020-10-09
worried government,340,2020-10-09
end corona,340,2020-10-09
last month,339,2020-10-09
213 000,339,2020-10-09
study finds,339,2020-10-09
one genuinely,339,2020-10-09
overreach covid,339,2020-10-09
method distroy,339,2020-10-09
distroy airborne,339,2020-10-09
start amrca,339,2020-10-09
amrca experimentamrca,339,2020-10-09
experimentamrca end,339,2020-10-09
collapse shutdown,339,2020-10-09
shutdown devestating,339,2020-10-09
devestating unemployment,339,2020-10-09
unemployment ends,339,2020-10-09
ends collapse,339,2020-10-09
collapse business,339,2020-10-09
unlikely election,339,2020-10-09
treatment covid,338,2020-10-09
co uk,338,2020-10-09
number covid,338,2020-10-09
health organization,337,2020-10-09
response coronavirus,337,2020-10-09
trump rally,337,2020-10-09
must start,337,2020-10-09
governments must,336,2020-10-09
transportation see,336,2020-10-09
india mitega,335,2020-10-09
mitega india,335,2020-10-09
dr li,335,2020-10-09
covid19 all,335,2020-10-09
cases since,333,2020-10-09
dystopian one,333,2020-10-09
rally since,333,2020-10-09
coronavirus news,331,2020-10-09
millions jobs,331,2020-10-09
family members,330,2020-10-09
sky news,330,2020-10-09
all governments,330,2020-10-09
people get,329,2020-10-09
vote covid19,329,2020-10-09
two thirds,329,2020-10-09
department health,329,2020-10-09
immunity shutdown,329,2020-10-09
shutdown amrcaamrca,329,2020-10-09
amrcaamrca method,329,2020-10-09
rush limbaugh,328,2020-10-09
covid_19 covid19,328,2020-10-09
última hora,326,2020-10-09
common sense,326,2020-10-09
wearing work,326,2020-10-09
get 300,326,2020-10-09
public engagements,325,2020-10-09
look like,325,2020-10-09
last tested,325,2020-10-09
us covid,325,2020-10-09
social distance,323,2020-10-09
antibody cocktail,323,2020-10-09
record covid,323,2020-10-09
19 protocols,322,2020-10-09
pre existing,322,2020-10-09
deal unlikely,322,2020-10-09
via huffpostpol,321,2020-10-09
trump pence,321,2020-10-09
mask mandate,321,2020-10-09
casa blanca,321,2020-10-09
health day,320,2020-10-09
indoor dining,320,2020-10-09
vice president,319,2020-10-09
talk us,319,2020-10-09
new post,319,2020-10-09
cause death,318,2020-10-09
washington post,318,2020-10-09
entertain empower,317,2020-10-09
empower educate,317,2020-10-09
educate talk,317,2020-10-09
0208 090,317,2020-10-09
090 2121,317,2020-10-09
2121 hello,317,2020-10-09
hello fantasticradio,317,2020-10-09
fantasticradio co,317,2020-10-09
uk homeofpossibilities,317,2020-10-09
homeofpossibilities believeyourpossibilities,317,2020-10-09
believeyourpossibilities buy,317,2020-10-09
buy song,317,2020-10-09
cover up,317,2020-10-09
mil casos,317,2020-10-09
last night,317,2020-10-09
ministerio salud,316,2020-10-09
stem cells,316,2020-10-09
handling coronavirus,316,2020-10-09
september mandatory,316,2020-10-09
covid19 corona,315,2020-10-09
au covid,315,2020-10-09
high quality,315,2020-10-09
americans dead,314,2020-10-09
seems like,314,2020-10-09
one alert,313,2020-10-09
coronavirus uk,313,2020-10-09
cdc says,313,2020-10-09
19 impact,312,2020-10-09
19 antibody,312,2020-10-09
last time,312,2020-10-09
experts say,312,2020-10-09
coronavirus impact,312,2020-10-09
spread virus,311,2020-10-09
000 covid,310,2020-10-09
infected covid19,310,2020-10-09
positivity rate,310,2020-10-09
us 0208,309,2020-10-09
strict spain,309,2020-10-09
package unlikely,309,2020-10-09
muertes coronavirus,308,2020-10-09
house covid,308,2020-10-09
every single,307,2020-10-09
il faut,307,2020-10-09
contagios covid19,307,2020-10-09
bidenharris2020 biden,307,2020-10-09
coronavirus il,306,2020-10-09
face coverings,306,2020-10-09
election2020 vote,306,2020-10-09
19 em,306,2020-10-09
restrictions achieve,306,2020-10-09
19 therapy,305,2020-10-09
world mental,305,2020-10-09
coronavirus covid__19,305,2020-10-09
sent home,305,2020-10-09
cases new,304,2020-10-09
global covid,304,2020-10-09
rapid test,304,2020-10-09
says trump,304,2020-10-09
of the,304,2020-10-09
last days,303,2020-10-09
coronavirus puts,303,2020-10-09
confirmed covid,302,2020-10-09
since august,302,2020-10-09
coronavirus tests,301,2020-10-09
puts millions,301,2020-10-09
public events,300,2020-10-09
asx oll,300,2020-10-09
via googlenews,299,2020-10-09
covid19 patients,299,2020-10-09
2020 covid19,298,2020-10-09
deaths covid,298,2020-10-09
christie still,298,2020-10-09
19 related,298,2020-10-09
covid trump,297,2020-10-09
trump suggests,297,2020-10-09
debates2020 election2020,297,2020-10-09
paris roubaix,297,2020-10-09
stimulus offer,297,2020-10-09
get sick,296,2020-10-09
trump tested,296,2020-10-09
stay away,296,2020-10-09
tackling coronavirus,296,2020-10-09
downplayed coronavirus,294,2020-10-09
communist china,294,2020-10-09
19 trump,293,2020-10-09
since coronavirus,293,2020-10-09
poorest countries,293,2020-10-09
virus covid,292,2020-10-09
deaths covid19,292,2020-10-09
first rally,292,2020-10-09
coronavirus testing,291,2020-10-09
09 2020,291,2020-10-09
trump downplayed,291,2020-10-09
get back,291,2020-10-09
click link,291,2020-10-09
24 ore,290,2020-10-09
sent one,290,2020-10-09
must wear,290,2020-10-09
alberto fernández,290,2020-10-09
whistleblower li,290,2020-10-09
hit long,288,2020-10-09
members join,288,2020-10-09
people suffocating,287,2020-10-09
getting covid,287,2020-10-09
mask protect,287,2020-10-09
biden china,287,2020-10-09
approved revised,287,2020-10-09
trump approved,287,2020-10-09
pandemic covid19,286,2020-10-09
covid19 covidー19,286,2020-10-09
global coronavirus,286,2020-10-09
seen hundreds,286,2020-10-09
suffocating death,286,2020-10-09
covid19 coronaviruspandemic,285,2020-10-09
long knew,285,2020-10-09
feel like,285,2020-10-09
19 disease,285,2020-10-09
join g20org,285,2020-10-09
biden debates2020,285,2020-10-09
new zealand,284,2020-10-09
infection rates,284,2020-10-09
dr anthony,284,2020-10-09
countries starting,284,2020-10-09
temporarily suspending,284,2020-10-09
debt payments,284,2020-10-09
yan bidenharris2020,284,2020-10-09
19 safety,283,2020-10-09
nurse seen,283,2020-10-09
normal boris,283,2020-10-09
dictates many,283,2020-10-09
interact dystopian,283,2020-10-09
novos casos,283,2020-10-09
suspending debt,283,2020-10-09
19 covid19,282,2020-10-09
died coronavirus,282,2020-10-09
moved tears,282,2020-10-09
china coronavirus,282,2020-10-09
covid19 response,282,2020-10-09
glblctzn believe,282,2020-10-09
payments globalcitizen,282,2020-10-09
day covid,281,2020-10-09
let us,281,2020-10-09
test negative,281,2020-10-09
casos diarios,281,2020-10-09
people dying,280,2020-10-09
data shows,280,2020-10-09
realdonaldtrump potus,280,2020-10-09
19 situation,280,2020-10-09
death moved,280,2020-10-09
hi iif,280,2020-10-09
hit 350,280,2020-10-09
job support,279,2020-10-09
forced choose,279,2020-10-09
19 status,278,2020-10-09
tears trump,278,2020-10-09
tested coronavirus,277,2020-10-09
new record,277,2020-10-09
choose paying,277,2020-10-09
realdonaldtrump rushlimbaugheib,277,2020-10-09
senatordole realdonaldtrump,277,2020-10-09
china virus,276,2020-10-09
convalescent plasma,276,2020-10-09
iif glblctzn,276,2020-10-09
believe country,276,2020-10-09
country forced,276,2020-10-09
paying debts,276,2020-10-09
g20org helping,276,2020-10-09
helping poorest,276,2020-10-09
raises coronavirus,276,2020-10-09
post covid19,275,2020-10-09
support scheme,275,2020-10-09
debts tackling,275,2020-10-09
starting temporarily,275,2020-10-09
covid19 update,274,2020-10-09
covid deaths,274,2020-10-09
000 000,274,2020-10-09
pedro sánchez,274,2020-10-09
amp deaths,274,2020-10-09
friday october,273,2020-10-09
take look,273,2020-10-09
positivos coronavirus,273,2020-10-09
outdoors despite,273,2020-10-09
impact members,273,2020-10-09
covid19india coronavirus,272,2020-10-09
everyone else,272,2020-10-09
total deaths,272,2020-10-09
ocupação dos,272,2020-10-09
patients covid,272,2020-10-09
common cold,272,2020-10-09
people coronavirus,272,2020-10-09
83 mil,272,2020-10-09
one week,271,2020-10-09
wan na,271,2020-10-09
covid19 lockdown,270,2020-10-09
house since,270,2020-10-09
local lockdowns,270,2020-10-09
000 positive,270,2020-10-09
trump raises,270,2020-10-09
15 099,270,2020-10-09
care homes,269,2020-10-09
go away,269,2020-10-09
pacientes covid,268,2020-10-09
achieve nothing,268,2020-10-09
dead covid,267,2020-10-09
he mocks,267,2020-10-09
app sent,266,2020-10-09
pubs restaurants,265,2020-10-09
severe covid,264,2020-10-09
infection rate,264,2020-10-09
test result,263,2020-10-09
economic recovery,263,2020-10-09
19 99,263,2020-10-09
spain masks,263,2020-10-09
coronavirus cure,262,2020-10-09
years ago,262,2020-10-09
got ta,262,2020-10-09
looking forward,262,2020-10-09
coronavirus aid,262,2020-10-09
story white,262,2020-10-09
coronavirus health,261,2020-10-09
handling covid,261,2020-10-09
one thing,261,2020-10-09
says white,261,2020-10-09
so called,261,2020-10-09
us coronavirus,261,2020-10-09
per il,261,2020-10-09
cas covid,261,2020-10-09
response covid19,261,2020-10-09
covid19 restrictions,261,2020-10-09
know covid,260,2020-10-09
contracted coronavirus,260,2020-10-09
50 000,259,2020-10-09
number cases,259,2020-10-09
amp gop,259,2020-10-09
vacuna rusa,258,2020-10-09
19 symptoms,258,2020-10-09
covid_19 coronavirus,258,2020-10-09
via metrouk,258,2020-10-09
за сутки,257,2020-10-09
19 health,257,2020-10-09
presssec realdonaldtrump,257,2020-10-09
memakai masker,256,2020-10-09
india covid,256,2020-10-09
reports record,256,2020-10-09
people tested,256,2020-10-09
covid19 last,255,2020-10-09
kasus covid,255,2020-10-09
wave covid,255,2020-10-09
case covid,255,2020-10-09
residence staff,255,2020-10-09
prime minister,254,2020-10-09
positif au,254,2020-10-09
coronavirus contact,254,2020-10-09
28 days,254,2020-10-09
debate canceled,254,2020-10-09
know trump,253,2020-10-09
outbreak venue,253,2020-10-09
19 may,253,2020-10-09
northern ireland,253,2020-10-09
il est,253,2020-10-09
joins covax,252,2020-10-09
19 lockdowns,252,2020-10-09
daily thanks,252,2020-10-09
marcus rashford,252,2020-10-09
212 000,251,2020-10-09
patient zero,251,2020-10-09
coronavirus covidー19,251,2020-10-09
within two,251,2020-10-09
comment trump,251,2020-10-09
atención médica,251,2020-10-09
declara alarma,251,2020-10-09
939 new,251,2020-10-09
intensive care,250,2020-10-09
new jersey,250,2020-10-09
google search,250,2020-10-09
staff tested,250,2020-10-09
nursing home,248,2020-10-09
big deal,248,2020-10-09
coronavirus like,248,2020-10-09
immune system,248,2020-10-09
salud pública,248,2020-10-09
coronavirus virus,247,2020-10-09
virus spread,247,2020-10-09
19 fora,247,2020-10-09
return campaign,247,2020-10-09
climate change,247,2020-10-09
coronavirus vaccines,246,2020-10-09
cbc news,246,2020-10-09
days ago,246,2020-10-09
get rid,246,2020-10-09
patuhi protokol,246,2020-10-09
trump wants,246,2020-10-09
alerte maximale,246,2020-10-09
cure comment,246,2020-10-09
trump exaggerates,246,2020-10-09
presumptive positive,246,2020-10-09
trump white,245,2020-10-09
salud mental,245,2020-10-09
health crisis,245,2020-10-09
fora uti,244,2020-10-09
healthcare workers,244,2020-10-09
via nbcnews,244,2020-10-09
latest covid,244,2020-10-09
imposes state,244,2020-10-09
tested covid19,243,2020-10-09
need help,243,2020-10-09
alert outbreak,243,2020-10-09
jaga jarak,243,2020-10-09
il covid19,243,2020-10-09
gobierno españa,243,2020-10-09
da positivo,242,2020-10-09
70 496,242,2020-10-09
realdonaldtrump covid19,242,2020-10-09
fight coronavirus,242,2020-10-09
watch live,242,2020-10-09
teamtrump realdonaldtrump,242,2020-10-09
says wants,242,2020-10-09
makes sense,241,2020-10-09
hot spots,241,2020-10-09
zlatan ibrahimovic,241,2020-10-09
close contact,241,2020-10-09
exaggerates known,241,2020-10-09
known benefits,241,2020-10-09
jaime harrison,241,2020-10-09
coronaviruspandemic covid19india,240,2020-10-09
anti lockdown,240,2020-10-09
via nypost,240,2020-10-09
nueva normalidad,240,2020-10-09
reports new,240,2020-10-09
self isolating,240,2020-10-09
still serious,240,2020-10-09
delivered within,240,2020-10-09
great barrington,240,2020-10-09
benefits another,240,2020-10-09
viernes octubre,240,2020-10-09
says medication,240,2020-10-09
treating covid,239,2020-10-09
000 mink,239,2020-10-09
deaths per,239,2020-10-09
large scale,239,2020-10-09
die covid19,239,2020-10-09
quality masks,239,2020-10-09
pandemic news,238,2020-10-09
cases confirmed,238,2020-10-09
false positive,238,2020-10-09
на covid,238,2020-10-09
serious must,238,2020-10-09
unable buy,238,2020-10-09
school children,238,2020-10-09
stimulus deal,237,2020-10-09
small business,237,2020-10-09
covid19 relief,237,2020-10-09
protect heard,237,2020-10-09
heard amazon,237,2020-10-09
amazon unable,237,2020-10-09
buy high,237,2020-10-09
masks recently,237,2020-10-09
recently good,237,2020-10-09
news copy,237,2020-10-09
copy ｕｓｈｏｐａｒｅａ,237,2020-10-09
ｕｓｈｏｐａｒｅａ google,237,2020-10-09
search immediately,237,2020-10-09
immediately successfully,237,2020-10-09
successfully delivered,237,2020-10-09
covid19 bot,236,2020-10-09
biden harris,236,2020-10-09
health safety,236,2020-10-09
house residence,236,2020-10-09
19 rules,236,2020-10-09
diagnosis via,236,2020-10-09
going get,236,2020-10-09
want know,236,2020-10-09
spanish cases,236,2020-10-09
ministerstwa zdrowia,236,2020-10-09
gobierno español,236,2020-10-09
mink dead,235,2020-10-09
virus covid19,235,2020-10-09
12 126,235,2020-10-09
since getting,235,2020-10-09
funke akindele,235,2020-10-09
cipta kerja,234,2020-10-09
covid 19,186279,2020-07-24
19 cases,7396,2020-07-24
coronavirus cases,7120,2020-07-24
coronavirus pandemic,6971,2020-07-24
19 pandemic,6944,2020-07-24
coronavirus covid19,6403,2020-07-24
new cases,4665,2020-07-24
covid19 coronavirus,4350,2020-07-24
social distancing,3818,2020-07-24
19 vaccine,3215,2020-07-24
wear mask,3113,2020-07-24
nuevos casos,3072,2020-07-24
casos covid,2969,2020-07-24
covid19 pandemic,2924,2020-07-24
due covid,2894,2020-07-24
positive covid,2801,2020-07-24
19 patients,2647,2020-07-24
new covid,2582,2020-07-24
via youtube,2502,2020-07-24
dnc dncwarroom,2500,2020-07-24
07 2020,2497,2020-07-24
passs386 s386,2482,2020-07-24
casos coronavirus,2476,2020-07-24
durbinliesimmigrantsdie passs386,2476,2020-07-24
s386 dnc,2467,2020-07-24
new york,2227,2020-07-24
tested positive,2206,2020-07-24
covid19 cases,2205,2020-07-24
public health,2193,2020-07-24
new coronavirus,2166,2020-07-24
24 07,2073,2020-07-24
coronavirus covid,2034,2020-07-24
bill gates,2016,2020-07-24
july 24,2009,2020-07-24
sign petition,1984,2020-07-24
hong kong,1972,2020-07-24
coronavirus deaths,1970,2020-07-24
24 horas,1933,2020-07-24
petition via,1904,2020-07-24
via change,1902,2020-07-24
year old,1887,2020-07-24
face masks,1885,2020-07-24
every american,1828,2020-07-24
amid coronavirus,1786,2020-07-24
2000 month,1771,2020-07-24
moneyforthepeople covid19,1764,2020-07-24
month every,1755,2020-07-24
american moneyforthepeople,1755,2020-07-24
united states,1752,2020-07-24
give 2000,1751,2020-07-24
wear masks,1723,2020-07-24
covid19 sign,1718,2020-07-24
19 deaths,1710,2020-07-24
coronavirus vaccine,1706,2020-07-24
death panels,1696,2020-07-24
covid_19 coronavirus,1692,2020-07-24
donald trump,1666,2020-07-24
cases covid,1649,2020-07-24
jaga jarak,1645,2020-07-24
casos positivos,1640,2020-07-24
19 testing,1637,2020-07-24
spread coronavirus,1635,2020-07-24
penularan covid,1608,2020-07-24
due coronavirus,1602,2020-07-24
19 via,1593,2020-07-24
white house,1592,2020-07-24
wearing mask,1580,2020-07-24
news coronavirus,1572,2020-07-24
back school,1569,2020-07-24
due covid19,1554,2020-07-24
coronavirus outbreak,1548,2020-07-24
death toll,1538,2020-07-24
pandemia coronavirus,1535,2020-07-24
ccp virus,1533,2020-07-24
jarak sosial,1503,2020-07-24
mel gibson,1500,2020-07-24
24 julio,1490,2020-07-24
risiko penularan,1488,2020-07-24
pembaharuan status,1485,2020-07-24
status jaga,1485,2020-07-24
sosial social,1485,2020-07-24
distancing terhadap,1485,2020-07-24
terhadap risiko,1485,2020-07-24
jakartacommuterline jakarta,1485,2020-07-24
jakarta kcioke,1485,2020-07-24
kcioke ptkci,1485,2020-07-24
coronavirus relief,1461,2020-07-24
long term,1452,2020-07-24
chinese virologist,1450,2020-07-24
virologist accuses,1449,2020-07-24
accuses beijing,1449,2020-07-24
casos confirmados,1448,2020-07-24
bbc news,1448,2020-07-24
dr fauci,1447,2020-07-24
kong know,1433,2020-07-24
treat whistleblowers,1433,2020-07-24
virus chinese,1431,2020-07-24
fleeing hong,1420,2020-07-24
whistleblowers telling,1420,2020-07-24
pls spread,1420,2020-07-24
herd immunity,1403,2020-07-24
24 hours,1398,2020-07-24
stasiun bogor,1389,2020-07-24
bogor zona,1389,2020-07-24
zona peron,1389,2020-07-24
peron risiko,1389,2020-07-24
19 commuterline,1389,2020-07-24
commuterline jakartacommuterline,1389,2020-07-24
ptkci stasiunbogor,1389,2020-07-24
positive coronavirus,1389,2020-07-24
24 2020,1385,2020-07-24
últimas 24,1378,2020-07-24
pandemia covid,1373,2020-07-24
boris johnson,1372,2020-07-24
home die,1352,2020-07-24
19 test,1347,2020-07-24
confirmed cases,1347,2020-07-24
da covid,1337,2020-07-24
spread covid,1336,2020-07-24
face mask,1332,2020-07-24
gon na,1302,2020-07-24
amid covid,1297,2020-07-24
active cases,1291,2020-07-24
positive cases,1285,2020-07-24
test positive,1282,2020-07-24
19 crisis,1276,2020-07-24
truth ccp,1253,2020-07-24
19 di,1239,2020-07-24
covered coronavirus,1226,2020-07-24
know treat,1223,2020-07-24
gt gt,1222,2020-07-24
truth virus,1218,2020-07-24
stay home,1217,2020-07-24
live updates,1215,2020-07-24
telling world,1209,2020-07-24
spread truth,1208,2020-07-24
beijing covered,1206,2020-07-24
coronavirus fleeing,1206,2020-07-24
world truth,1206,2020-07-24
excuse pls,1204,2020-07-24
new deaths,1201,2020-07-24
coronavirus crisis,1177,2020-07-24
impact covid,1174,2020-07-24
coronavirus response,1163,2020-07-24
19 death,1151,2020-07-24
spread covid19,1148,2020-07-24
wearing masks,1143,2020-07-24
coronavirus covid_19,1133,2020-07-24
senatordurbin dr,1112,2020-07-24
relief package,1099,2020-07-24
many people,1096,2020-07-24
nursing homes,1094,2020-07-24
face coverings,1084,2020-07-24
social security,1076,2020-07-24
president trump,1062,2020-07-24
go back,1060,2020-07-24
19 response,1059,2020-07-24
died covid,1041,2020-07-24
tests positive,1018,2020-07-24
covid19 covid_19,1016,2020-07-24
medical experts,1015,2020-07-24
pandemia covid19,1012,2020-07-24
stay safe,1004,2020-07-24
contact tracing,1002,2020-07-24
coronavirus live,1001,2020-07-24
cases coronavirus,995,2020-07-24
health care,986,2020-07-24
positivo covid,984,2020-07-24
fully reopen,984,2020-07-24
sars cov,983,2020-07-24
around world,978,2020-07-24
death rate,972,2020-07-24
mental health,971,2020-07-24
19 outbreak,969,2020-07-24
covid_19 covid19,957,2020-07-24
single day,955,2020-07-24
face covering,946,2020-07-24
coronavirus via,942,2020-07-24
stop covid,942,2020-07-24
19 relief,939,2020-07-24
novel coronavirus,936,2020-07-24
contagios coronavirus,929,2020-07-24
fight covid,925,2020-07-24
coronavirus update,916,2020-07-24
new covid19,906,2020-07-24
coronavirus lockdown,904,2020-07-24
19 tests,898,2020-07-24
contagios covid,896,2020-07-24
casos covid19,894,2020-07-24
total cases,891,2020-07-24
19 update,890,2020-07-24
corona virus,876,2020-07-24
vacuna covid,867,2020-07-24
july 2020,865,2020-07-24
next week,861,2020-07-24
stop spread,855,2020-07-24
19 coronavirus,851,2020-07-24
texas hospital,847,2020-07-24
south africa,842,2020-07-24
19 virus,839,2020-07-24
looks like,836,2020-07-24
million cases,829,2020-07-24
cases reported,826,2020-07-24
second wave,822,2020-07-24
york times,821,2020-07-24
mitega india,816,2020-07-24
wear face,814,2020-07-24
india mitega,801,2020-07-24
response covid,800,2020-07-24
people died,791,2020-07-24
du coronavirus,790,2020-07-24
positivos covid,786,2020-07-24
19 positive,786,2020-07-24
casos nuevos,786,2020-07-24
much time,784,2020-07-24
25 07,784,2020-07-24
trump coronavirus,776,2020-07-24
supreme court,774,2020-07-24
coronavirus could,770,2020-07-24
pacientes covid,768,2020-07-24
current situation,764,2020-07-24
experts urge,764,2020-07-24
julio 2020,762,2020-07-24
health officials,762,2020-07-24
last 24,761,2020-07-24
test results,760,2020-07-24
make sure,758,2020-07-24
nuevos contagios,757,2020-07-24
post covid,752,2020-07-24
calls schools,749,2020-07-24
covid virus,742,2020-07-24
bio weapon,732,2020-07-24
flu season,732,2020-07-24
security medicare,730,2020-07-24
cases deaths,729,2020-07-24
gop coronavirus,728,2020-07-24
400 000,727,2020-07-24
trump calls,724,2020-07-24
pandemi covid,722,2020-07-24
first time,720,2020-07-24
high risk,720,2020-07-24
coronavirus updates,715,2020-07-24
schools fully,713,2020-07-24
coronavirus argentina,705,2020-07-24
young people,705,2020-07-24
du covid,705,2020-07-24
care system,703,2020-07-24
fast track,702,2020-07-24
cases surpass,701,2020-07-24
trump administration,698,2020-07-24
anthony fauci,697,2020-07-24
total number,694,2020-07-24
sent home,692,2020-07-24
cases surge,691,2020-07-24
coronavirus test,691,2020-07-24
immunity vaccine,688,2020-07-24
positive covid19,686,2020-07-24
time left,686,2020-07-24
great danger,683,2020-07-24
risiko menengah,680,2020-07-24
14 days,680,2020-07-24
vaccine current,680,2020-07-24
covid19 vaccine,679,2020-07-24
ccp stop,679,2020-07-24
medicare cuts,679,2020-07-24
danger ccp,679,2020-07-24
left wakeup,678,2020-07-24
wakeup focus,678,2020-07-24
focus virus,678,2020-07-24
virus mankind,678,2020-07-24
mankind great,678,2020-07-24
ccp bio,678,2020-07-24
weapon expect,678,2020-07-24
expect herd,678,2020-07-24
situation terminate,678,2020-07-24
terminate ccp,678,2020-07-24
nouveaux cas,677,2020-07-24
school says,676,2020-07-24
get covid,675,2020-07-24
shut start,674,2020-07-24
last week,673,2020-07-24
reopen school,672,2020-07-24
pandemic durbinliesimmigrantsdie,672,2020-07-24
new case,668,2020-07-24
bill would,667,2020-07-24
surpass million,663,2020-07-24
jul 24,662,2020-07-24
nursing home,662,2020-07-24
10 000,662,2020-07-24
every day,661,2020-07-24
covid19 covid,657,2020-07-24
july 23,656,2020-07-24
covid19 deaths,656,2020-07-24
romney bill,656,2020-07-24
positif covid,655,2020-07-24
good news,651,2020-07-24
get tested,651,2020-07-24
000 people,649,2020-07-24
fox news,648,2020-07-24
dies covid,647,2020-07-24
join us,647,2020-07-24
protokol kesehatan,645,2020-07-24
cases rise,645,2020-07-24
us coronavirus,643,2020-07-24
include romney,643,2020-07-24
would fast,643,2020-07-24
in person,639,2020-07-24
track social,636,2020-07-24
need know,635,2020-07-24
package include,634,2020-07-24
coronavirus infections,633,2020-07-24
could done,630,2020-07-24
000 coronavirus,630,2020-07-24
deaths reported,626,2020-07-24
nevada church,626,2020-07-24
two weeks,624,2020-07-24
100 000,621,2020-07-24
global pandemic,621,2020-07-24
via nytimes,620,2020-07-24
coronavirus testing,616,2020-07-24
one day,613,2020-07-24
wearing face,612,2020-07-24
24 july,611,2020-07-24
social media,608,2020-07-24
covid19 sarscov2,608,2020-07-24
19 impact,606,2020-07-24
year ago,606,2020-07-24
com covid,604,2020-07-24
china coronavirus,604,2020-07-24
19 infections,604,2020-07-24
loved ones,603,2020-07-24
corona covid19,601,2020-07-24
help us,600,2020-07-24
open schools,599,2020-07-24
died coronavirus,598,2020-07-24
penyebaran covid,596,2020-07-24
19 amp,594,2020-07-24
19 case,592,2020-07-24
young adults,591,2020-07-24
casos activos,591,2020-07-24
reopening schools,591,2020-07-24
muertes coronavirus,589,2020-07-24
per day,588,2020-07-24
ministerio salud,588,2020-07-24
000 deaths,587,2020-07-24
covid19 positive,585,2020-07-24
coronavirus disease,579,2020-07-24
new death,579,2020-07-24
coronavirus corona,578,2020-07-24
meant show,578,2020-07-24
19 em,576,2020-07-24
briefings meant,576,2020-07-24
show charge,576,2020-07-24
cases covid19,572,2020-07-24
becoming absurd,567,2020-07-24
die covid,564,2020-07-24
viernes 24,563,2020-07-24
positivo coronavirus,561,2020-07-24
testing positive,561,2020-07-24
trump briefings,561,2020-07-24
handling covid,561,2020-07-24
covid19 corona,559,2020-07-24
covid19 amp,558,2020-07-24
positivos coronavirus,556,2020-07-24
fake news,556,2020-07-24
charge becoming,556,2020-07-24
wash hands,555,2020-07-24
19 patient,555,2020-07-24
coronavirus death,553,2020-07-24
high school,552,2020-07-24
fight coronavirus,551,2020-07-24
covid19 crisis,549,2020-07-24
decimated coronavirus,549,2020-07-24
fauci says,547,2020-07-24
pm year,545,2020-07-24
system decimated,544,2020-07-24
coronavirus fixing,544,2020-07-24
fixing care,544,2020-07-24
became pm,543,2020-07-24
broken care,543,2020-07-24
slow spread,542,2020-07-24
fight covid19,542,2020-07-24
click link,541,2020-07-24
prevent spread,540,2020-07-24
via googlenews,539,2020-07-24
het coronavirus,538,2020-07-24
next year,538,2020-07-24
covid19 testing,538,2020-07-24
49 310,537,2020-07-24
texas county,537,2020-07-24
coronavirus patients,536,2020-07-24
coronavirus tests,534,2020-07-24
keep promise,534,2020-07-24
urgent ever,534,2020-07-24
schools reopen,532,2020-07-24
relief bill,531,2020-07-24
save lives,530,2020-07-24
dio positivo,530,2020-07-24
things differently,530,2020-07-24
ever keep,530,2020-07-24
pandemic covid19,529,2020-07-24
borisjohnson promised,529,2020-07-24
petition fixcare,529,2020-07-24
care urgent,528,2020-07-24
done things,528,2020-07-24
trump cancels,527,2020-07-24
post covid19,527,2020-07-24
today age_uk,527,2020-07-24
age_uk handed,527,2020-07-24
handed petition,527,2020-07-24
fixcare 10downingstreet,527,2020-07-24
promised fixcare,527,2020-07-24
fixcare became,526,2020-07-24
ago broken,526,2020-07-24
prime minister,525,2020-07-24
contagio covid,524,2020-07-24
covid coronavirus,524,2020-07-24
15 days,521,2020-07-24
months ago,521,2020-07-24
customers wear,520,2020-07-24
19 lockdown,520,2020-07-24
new normal,518,2020-07-24
palm beach,517,2020-07-24
study finds,515,2020-07-24
health experts,515,2020-07-24
american people,514,2020-07-24
10downingstreet behalf,514,2020-07-24
behalf borisjohnson,514,2020-07-24
number cases,513,2020-07-24
health department,512,2020-07-24
send patients,512,2020-07-24
coronavirus españa,511,2020-07-24
back work,509,2020-07-24
000 new,508,2020-07-24
get back,507,2020-07-24
fall flu,507,2020-07-24
across country,505,2020-07-24
flu shot,505,2020-07-24
look like,504,2020-07-24
total deaths,504,2020-07-24
two part,504,2020-07-24
hot spots,503,2020-07-24
episode talk,501,2020-07-24
cases confirmed,501,2020-07-24
part episode,501,2020-07-24
small business,499,2020-07-24
ahead fall,499,2020-07-24
million coronavirus,498,2020-07-24
first special,498,2020-07-24
special two,498,2020-07-24
talk biotech,498,2020-07-24
biotech equity,498,2020-07-24
equity analyst,498,2020-07-24
analyst matthew,498,2020-07-24
matthew harrison,498,2020-07-24
harrison new,498,2020-07-24
case projections,498,2020-07-24
projections ahead,498,2020-07-24
2020 07,497,2020-07-24
vacuna coronavirus,496,2020-07-24
die coronavirus,495,2020-07-24
get coronavirus,494,2020-07-24
héroe silencioso,490,2020-07-24
silencioso tantos,490,2020-07-24
tantos dolorosa,490,2020-07-24
dolorosa perdida,490,2020-07-24
perdida covid,490,2020-07-24
unemployment benefits,488,2020-07-24
reported today,486,2020-07-24
contagios covid19,484,2020-07-24
joe biden,484,2020-07-24
american died,484,2020-07-24
mil casos,483,2020-07-24
risiko rendah,483,2020-07-24
would like,483,2020-07-24
social distance,483,2020-07-24
covid19 patients,481,2020-07-24
covid covid19,481,2020-07-24
new study,479,2020-07-24
going back,477,2020-07-24
mask wearing,476,2020-07-24
000 americans,474,2020-07-24
mortality rate,474,2020-07-24
19 related,473,2020-07-24
send kids,473,2020-07-24
differently says,473,2020-07-24
task force,472,2020-07-24
population coronavirus,472,2020-07-24
people die,471,2020-07-24
number covid,471,2020-07-24
lies american,471,2020-07-24
hospital covid,470,2020-07-24
denies nevada,470,2020-07-24
the truth,469,2020-07-24
ccp lies,469,2020-07-24
cases increase,468,2020-07-24
new jersey,467,2020-07-24
covid19 test,467,2020-07-24
spread virus,466,2020-07-24
crisis coronavirus,466,2020-07-24
died covid19,466,2020-07-24
sarscov2 forecast,466,2020-07-24
urge us,462,2020-07-24
people dying,459,2020-07-24
covid19 si,459,2020-07-24
coronavirus durbinliesimmigrantsdie,459,2020-07-24
death population,458,2020-07-24
singh md,457,2020-07-24
impact covid19,456,2020-07-24
says pm,456,2020-07-24
common cold,455,2020-07-24
court denies,455,2020-07-24
new post,454,2020-07-24
please help,452,2020-07-24
risks life,452,2020-07-24
10 days,451,2020-07-24
whitehouse realdonaldtrump,450,2020-07-24
coronavirus amp,450,2020-07-24
pruebas covid,449,2020-07-24
cases 15,449,2020-07-24
church appeal,449,2020-07-24
says coronavirus,448,2020-07-24
small businesses,446,2020-07-24
muertes covid,445,2020-07-24
take care,445,2020-07-24
trump america,445,2020-07-24
000 dead,444,2020-07-24
19 infection,444,2020-07-24
23 julio,443,2020-07-24
get sick,443,2020-07-24
climate change,442,2020-07-24
covid19 lockdown,442,2020-07-24
wan na,441,2020-07-24
opening schools,441,2020-07-24
kebiasaan baru,441,2020-07-24
coronavirus may,439,2020-07-24
covid cases,439,2020-07-24
coronavirus news,439,2020-07-24
corona coronavirus,438,2020-07-24
graciaspuebloheroico 237añosencombatevictorioso,436,2020-07-24
ee uu,435,2020-07-24
patients sent,434,2020-07-24
require customers,434,2020-07-24
12 87,433,2020-07-24
abc news,432,2020-07-24
us covid,430,2020-07-24
new zealand,430,2020-07-24
since march,430,2020-07-24
truth about,430,2020-07-24
19 situation,429,2020-07-24
virus covid,429,2020-07-24
coronavirus hot,427,2020-07-24
puede ser,426,2020-07-24
daily cases,426,2020-07-24
cause death,425,2020-07-24
kids back,425,2020-07-24
nikkihaley realdonaldtrump,424,2020-07-24
response covid19,423,2020-07-24
kids school,422,2020-07-24
américa latina,422,2020-07-24
ocio nocturno,422,2020-07-24
daily thanks,421,2020-07-24
19 spread,421,2020-07-24
washington post,420,2020-07-24
public schools,419,2020-07-24
come back,419,2020-07-24
behind covid,419,2020-07-24
19 symptoms,418,2020-07-24
response coronavirus,417,2020-07-24
people like,416,2020-07-24
us shut,416,2020-07-24
est pas,415,2020-07-24
patients home,415,2020-07-24
officials say,414,2020-07-24
million people,414,2020-07-24
adaptasi kebiasaan,414,2020-07-24
attributed covid,413,2020-07-24
schools open,413,2020-07-24
know covid,413,2020-07-24
batalla covid,413,2020-07-24
140 000,412,2020-07-24
people want,412,2020-07-24
experts say,412,2020-07-24
cases today,412,2020-07-24
daily coronavirus,412,2020-07-24
every country,411,2020-07-24
many children,409,2020-07-24
deemed sick,409,2020-07-24
penanganan covid,409,2020-07-24
restriction amid,409,2020-07-24
attendance restriction,409,2020-07-24
19 través,408,2020-07-24
immune system,408,2020-07-24
19 restrictions,408,2020-07-24
of the,408,2020-07-24
start coronavirus,406,2020-07-24
कर रह,402,2020-07-24
highest single,401,2020-07-24
need help,401,2020-07-24
19 vaccines,401,2020-07-24
000 000,400,2020-07-24
mask mandate,400,2020-07-24
pm et,399,2020-07-24
coronavirus infection,398,2020-07-24
top story,398,2020-07-24
crisis covid,398,2020-07-24
in the,398,2020-07-24
lives matter,397,2020-07-24
aumento casos,397,2020-07-24
health workers,397,2020-07-24
medidas prevención,397,2020-07-24
take weeks,396,2020-07-24
coronavirus risk,395,2020-07-24
du covid19,395,2020-07-24
24 juli,394,2020-07-24
die deemed,394,2020-07-24
confirmed covid,394,2020-07-24
appeal attendance,394,2020-07-24
infected covid,393,2020-07-24
people get,392,2020-07-24
stephen miller,392,2020-07-24
friday july,392,2020-07-24
china virus,391,2020-07-24
19 data,391,2020-07-24
19 numbers,391,2020-07-24
one third,391,2020-07-24
coronavirus lockdowns,390,2020-07-24
incorrectly attributed,390,2020-07-24
twice many,389,2020-07-24
19 covid19,389,2020-07-24
juli 2020,389,2020-07-24
19 could,388,2020-07-24
19 going,388,2020-07-24
novos casos,387,2020-07-24
go away,386,2020-07-24
last year,386,2020-07-24
across globe,386,2020-07-24
handling coronavirus,385,2020-07-24
johnson says,385,2020-07-24
19 recovery,384,2020-07-24
people need,384,2020-07-24
última hora,383,2020-07-24
county says,383,2020-07-24
tested covid,382,2020-07-24
got ta,382,2020-07-24
health minister,381,2020-07-24
nuevo récord,381,2020-07-24
likely die,381,2020-07-24
cdc guidelines,380,2020-07-24
deaths covid,380,2020-07-24
gnboficialve gnbgdjfl,380,2020-07-24
sick texas,379,2020-07-24
covid19 virus,378,2020-07-24
department health,377,2020-07-24
well done,376,2020-07-24
tell us,375,2020-07-24
economic recovery,375,2020-07-24
menengah 24,374,2020-07-24
nuevo coronavirus,374,2020-07-24
24jul graciaspuebloheroico,374,2020-07-24
even though,372,2020-07-24
black lives,370,2020-07-24
dióxido cloro,370,2020-07-24
world health,369,2020-07-24
serious threats,369,2020-07-24
realdonaldtrump jiminhofe,369,2020-07-24
hombres mujeres,367,2020-07-24
children young,366,2020-07-24
the world,366,2020-07-24
50 000,365,2020-07-24
pandemic via,364,2020-07-24
died flu,363,2020-07-24
145 000,363,2020-07-24
protect family,363,2020-07-24
coronavirus india,362,2020-07-24
covid19 update,362,2020-07-24
il coronavirus,362,2020-07-24
qu il,362,2020-07-24
south korea,360,2020-07-24
19 país,360,2020-07-24
health amp,360,2020-07-24
são paulo,360,2020-07-24
daily covid,359,2020-07-24
mortes covid,359,2020-07-24
coronavirus related,356,2020-07-24
coronavirus trump,356,2020-07-24
07 24,356,2020-07-24
frente batalla,356,2020-07-24
virus hoax,354,2020-07-24
approval ratings,354,2020-07-24
school year,353,2020-07-24
kabupaten cilacap,352,2020-07-24
da saúde,351,2020-07-24
nuevas muertes,351,2020-07-24
23 2020,351,2020-07-24
conspiracy theories,351,2020-07-24
federal government,351,2020-07-24
via nbcnews,350,2020-07-24
need start,350,2020-07-24
hospital overwhelmed,350,2020-07-24
coronavirus case,348,2020-07-24
reopen schools,348,2020-07-24
30 000,348,2020-07-24
long time,348,2020-07-24
could help,348,2020-07-24
150 000,347,2020-07-24
let us,347,2020-07-24
covid19 response,346,2020-07-24
response driven,345,2020-07-24
driven politics,345,2020-07-24
president donald,345,2020-07-24
covid19 relief,345,2020-07-24
cdc says,345,2020-07-24
87 945,344,2020-07-24
infected coronavirus,344,2020-07-24
coronavirus spread,344,2020-07-24
straight day,344,2020-07-24
19 already,344,2020-07-24
coronavirus past,343,2020-07-24
coronavirus impact,343,2020-07-24
millones casos,343,2020-07-24
trump says,343,2020-07-24
personal salud,342,2020-07-24
000 covid,342,2020-07-24
19 economic,342,2020-07-24
deaths per,341,2020-07-24
family members,341,2020-07-24
covid19 via,341,2020-07-24
could take,341,2020-07-24
trabajadores comunicación,341,2020-07-24
000 casos,340,2020-07-24
19 operasipatuh2020,340,2020-07-24
get covid19,339,2020-07-24
pencegahan covid,339,2020-07-24
dr anthony,339,2020-07-24
rebrotes coronavirus,339,2020-07-24
kasus covid,338,2020-07-24
uk government,338,2020-07-24
nuovi casi,337,2020-07-24
schools fall,336,2020-07-24
day spike,335,2020-07-24
quarantine 14,335,2020-07-24
defensa patria,335,2020-07-24
cases new,334,2020-07-24
evitar contagios,334,2020-07-24
pandemic coronavirus,334,2020-07-24
42 mil,334,2020-07-24
nearly twice,333,2020-07-24
amp still,333,2020-07-24
the coronavirus,333,2020-07-24
virus covid19,333,2020-07-24
pm modi,333,2020-07-24
comunicación frente,333,2020-07-24
co uk,332,2020-07-24
gop realdonaldtrump,332,2020-07-24
common sense,332,2020-07-24
front lines,332,2020-07-24
latin america,331,2020-07-24
mujeres trabajadores,331,2020-07-24
past year,330,2020-07-24
re election,330,2020-07-24
asumir defensa,330,2020-07-24
gop convention,329,2020-07-24
children back,329,2020-07-24
realdonaldtrump potus,329,2020-07-24
india coronavirus,329,2020-07-24
treating covid,329,2020-07-24
campaña mediática,329,2020-07-24
new infections,328,2020-07-24
disease 2019,328,2020-07-24
may send,327,2020-07-24
pay covid,327,2020-07-24
adults died,326,2020-07-24
people covid,326,2020-07-24
mediática imperialista,326,2020-07-24
free covid,325,2020-07-24
frente covid,325,2020-07-24
000 cases,324,2020-07-24
breaking news,324,2020-07-24
16 pays,324,2020-07-24
looking forward,323,2020-07-24
covid19 covidー19,323,2020-07-24
patria campaña,323,2020-07-24
severe covid,322,2020-07-24
positivity rate,322,2020-07-24
muertos covid,321,2020-07-24
flu china,320,2020-07-24
essential workers,320,2020-07-24
battle covid,320,2020-07-24
the virus,320,2020-07-24
opening day,319,2020-07-24
infectious disease,319,2020-07-24
des cas,319,2020-07-24
jobless aid,319,2020-07-24
coronavirus new,318,2020-07-24
negative covid,318,2020-07-24
old girl,318,2020-07-24
19 asumir,318,2020-07-24
people still,317,2020-07-24
cases per,317,2020-07-24
salud pública,317,2020-07-24
one thing,317,2020-07-24
da pandemia,317,2020-07-24
corona vaccine,316,2020-07-24
critical care,316,2020-07-24
overwhelmed coronavirus,316,2020-07-24
media dr,315,2020-07-24
fauci nearly,314,2020-07-24
covid deaths,314,2020-07-24
pandemic news,314,2020-07-24
elonmusk tesla,314,2020-07-24
died ccp,314,2020-07-24
new cdc,313,2020-07-24
florida texas,313,2020-07-24
watch live,313,2020-07-24
millions people,313,2020-07-24
novo coronavírus,313,2020-07-24
start using,313,2020-07-24
via yahoonews,312,2020-07-24
cas covid,312,2020-07-24
gibson hospitalized,312,2020-07-24
defeating covid,312,2020-07-24
ignored media,311,2020-07-24
19 world,311,2020-07-24
people wear,311,2020-07-24
dying covid,311,2020-07-24
years ago,311,2020-07-24
post coronavirus,311,2020-07-24
take action,310,2020-07-24
bringing total,310,2020-07-24
coronavirus mundo,310,2020-07-24
house party,310,2020-07-24
already exists,310,2020-07-24
last night,309,2020-07-24
death certificate,309,2020-07-24
sad reality,309,2020-07-24
test covid,308,2020-07-24
trump virus,308,2020-07-24
fallecidos covid,308,2020-07-24
patients hospitalized,308,2020-07-24
church service,308,2020-07-24
truth behind,308,2020-07-24
republican convention,307,2020-07-24
healthcare workers,307,2020-07-24
johns hopkins,307,2020-07-24
covid19 death,307,2020-07-24
rio grande,307,2020-07-24
dr birx,307,2020-07-24
country know,307,2020-07-24
coronavirus vía,307,2020-07-24
corona corona,307,2020-07-24
like italy,306,2020-07-24
cada día,306,2020-07-24
fatality rate,306,2020-07-24
jorge rodríguez,306,2020-07-24
mental illness,306,2020-07-24
key defeating,306,2020-07-24
muertos coronavirus,306,2020-07-24
menengah 25,306,2020-07-24
latest news,305,2020-07-24
reality check,305,2020-07-24
surpasses million,301,2020-07-24
coronavirus coronavirus,301,2020-07-24
coronavirus quarantine,301,2020-07-24
15 million,300,2020-07-24
amid covid19,300,2020-07-24
da covid19,300,2020-07-24
america like,300,2020-07-24
like covid,300,2020-07-24
vaccine every,300,2020-07-24
working mothers,300,2020-07-24
know corona,300,2020-07-24
maskless church,300,2020-07-24
since covid,299,2020-07-24
sounds like,299,2020-07-24
covid19 coronaviruspandemic,299,2020-07-24
people ireland,299,2020-07-24
recovery rate,298,2020-07-24
talk us,298,2020-07-24
human rights,298,2020-07-24
19 irish,298,2020-07-24
vacunas covid,298,2020-07-24
imperialista nación,298,2020-07-24
irish politicians,298,2020-07-24
people across,297,2020-07-24
truth covid_19,297,2020-07-24
suggesting virus,297,2020-07-24
take coronavirus,296,2020-07-24
educate talk,296,2020-07-24
every single,296,2020-07-24
three new,296,2020-07-24
pull wool,296,2020-07-24
reality truth,296,2020-07-24
entertain empower,295,2020-07-24
empower educate,295,2020-07-24
0208 090,295,2020-07-24
090 2121,295,2020-07-24
2121 hello,295,2020-07-24
hello fantasticradio,295,2020-07-24
fantasticradio co,295,2020-07-24
uk fantasticradiouk,295,2020-07-24
fantasticradiouk homeofpossibilities,295,2020-07-24
homeofpossibilities believeyourpossibilities,295,2020-07-24
believeyourpossibilities stayhomesafelives,295,2020-07-24
well well,295,2020-07-24
vaccine truth,295,2020-07-24
ireland 5th,295,2020-07-24
5th pay,295,2020-07-24
politicians pull,295,2020-07-24
wool people,295,2020-07-24
ireland tell,295,2020-07-24
tell watch,295,2020-07-24
watch jeff,295,2020-07-24
jeff taylor,295,2020-07-24
taylor irish,295,2020-07-24
irish eu,295,2020-07-24
stayhomesafelives buy,294,2020-07-24
buy song,294,2020-07-24
great job,294,2020-07-24
die covid19,294,2020-07-24
19 surge,294,2020-07-24
feel like,294,2020-07-24
contagio covid19,294,2020-07-24
every minutes,294,2020-07-24
total confirmed,293,2020-07-24
football team,293,2020-07-24
das coronavirus,293,2020-07-24
exists need,293,2020-07-24
gracias hombres,293,2020-07-24
preaching maskless,293,2020-07-24
mcdonald require,293,2020-07-24
19 vía,292,2020-07-24
million covid,292,2020-07-24
coronavirus restrictions,292,2020-07-24
amp covid,292,2020-07-24
term illness,292,2020-07-24
realdonaldtrump elonmusk,292,2020-07-24
million americans,291,2020-07-24
covid_19 truth,291,2020-07-24
hoax preaching,291,2020-07-24
star wars,290,2020-07-24
us 0208,290,2020-07-24
everyone else,290,2020-07-24
like covid19,290,2020-07-24
deaths covid19,290,2020-07-24
deaths coronavirus,290,2020-07-24
seems like,290,2020-07-24
northamerica cases,290,2020-07-24
30 601,289,2020-07-24
using coronavirus,289,2020-07-24
people coronavirus,289,2020-07-24
reino unido,289,2020-07-24
latest covid,289,2020-07-24
wave coronavirus,289,2020-07-24
mcconnell says,289,2020-07-24
spanish flu,289,2020-07-24
via usatoday,288,2020-07-24
right thing,288,2020-07-24
get worse,288,2020-07-24
conspiracy theory,288,2020-07-24
pasien covid,288,2020-07-24
working home,288,2020-07-24
new confirmed,288,2020-07-24
covid19 protests,288,2020-07-24
congressman dies,288,2020-07-24
related deaths,287,2020-07-24
let get,287,2020-07-24
trump said,287,2020-07-24
2020 coronavirus,286,2020-07-24
trump amp,286,2020-07-24
tested negative,286,2020-07-24
world news,286,2020-07-24
child care,286,2020-07-24
millions americans,286,2020-07-24
24 20,286,2020-07-24
florida coronavirus,285,2020-07-24
covid19 outbreak,285,2020-07-24
americans died,285,2020-07-24
19 hospital,285,2020-07-24
test amp,285,2020-07-24
day row,284,2020-07-24
national convention,284,2020-07-24
cases state,284,2020-07-24
weeks ago,284,2020-07-24
says new,283,2020-07-24
birx warns,283,2020-07-24
health crisis,283,2020-07-24
19 suggesting,283,2020-07-24
coronavirus april,282,2020-07-24
12 444,282,2020-07-24
coronavirus hoax,281,2020-07-24
confirmados covid,281,2020-07-24
06327777 porn,281,2020-07-24
porn xxx,281,2020-07-24
xxx usa,281,2020-07-24
causa coronavirus,281,2020-07-24
childcare crisis,281,2020-07-24
coronavirus concerns,280,2020-07-24
cases us,280,2020-07-24
home covid,279,2020-07-24
covid 19,162975,2020-08-10
19 cases,6443,2020-08-10
coronavirus cases,6262,2020-08-10
19 pandemic,6023,2020-08-10
tested positive,6010,2020-08-10
coronavirus covid19,5791,2020-08-10
coronavirus pandemic,5284,2020-08-10
positive covid,4979,2020-08-10
covid19 coronavirus,4391,2020-08-10
positive coronavirus,4117,2020-08-10
new cases,3738,2020-08-10
antonio banderas,3631,2020-08-10
casos covid,3515,2020-08-10
97 000,3306,2020-08-10
000 children,3196,2020-08-10
nuevos casos,3053,2020-08-10
two weeks,3012,2020-08-10
test positive,2859,2020-08-10
coronavirus relief,2780,2020-08-10
public health,2780,2020-08-10
college football,2692,2020-08-10
covid19 pandemic,2617,2020-08-10
due covid,2530,2020-08-10
new zealand,2529,2020-08-10
100 000,2475,2020-08-10
casos coronavirus,2457,2020-08-10
new covid,2411,2020-08-10
19 vaccine,2320,2020-08-10
weeks july,2318,2020-08-10
children tested,2119,2020-08-10
bill gates,1987,2020-08-10
new coronavirus,1957,2020-08-10
tests positive,1936,2020-08-10
covid19 cases,1903,2020-08-10
positivo covid,1884,2020-08-10
19 deaths,1869,2020-08-10
new york,1855,2020-08-10
social distancing,1799,2020-08-10
last two,1789,2020-08-10
wear mask,1786,2020-08-10
coronavirus vaccine,1783,2020-08-10
via youtube,1754,2020-08-10
10 agosto,1746,2020-08-10
president trump,1731,2020-08-10
coronavirus covid,1726,2020-08-10
smash mouth,1725,2020-08-10
donald trump,1706,2020-08-10
united states,1694,2020-08-10
white house,1683,2020-08-10
20 million,1681,2020-08-10
due covid19,1638,2020-08-10
get well,1609,2020-08-10
well soon,1596,2020-08-10
coronavirus deaths,1557,2020-08-10
100 days,1533,2020-08-10
24 horas,1500,2020-08-10
casos positivos,1500,2020-08-10
executive orders,1485,2020-08-10
nursing home,1481,2020-08-10
due coronavirus,1476,2020-08-10
speedy recovery,1470,2020-08-10
19 test,1439,2020-08-10
august 10,1436,2020-08-10
positivo coronavirus,1436,2020-08-10
gon na,1424,2020-08-10
cases covid,1414,2020-08-10
former president,1405,2020-08-10
live updates,1387,2020-08-10
death toll,1382,2020-08-10
spread covid,1370,2020-08-10
positive covid19,1362,2020-08-10
amid coronavirus,1354,2020-08-10
19 via,1335,2020-08-10
10 2020,1323,2020-08-10
dio positivo,1305,2020-08-10
19 last,1297,2020-08-10
back school,1283,2020-08-10
da covid,1283,2020-08-10
19 testing,1282,2020-08-10
casos confirmados,1278,2020-08-10
19 crisis,1261,2020-08-10
long term,1254,2020-08-10
pandemia coronavirus,1247,2020-08-10
pranab mukherjee,1247,2020-08-10
confirmed cases,1227,2020-08-10
news coronavirus,1223,2020-08-10
últimas 24,1198,2020-08-10
19 di,1189,2020-08-10
10 08,1157,2020-08-10
active cases,1156,2020-08-10
novel coronavirus,1154,2020-08-10
pandemia covid,1128,2020-08-10
coronavirus live,1125,2020-08-10
nursing homes,1112,2020-08-10
spread coronavirus,1111,2020-08-10
new post,1101,2020-08-10
sars cov,1086,2020-08-10
wearing mask,1075,2020-08-10
19 outbreak,1075,2020-08-10
new deaths,1074,2020-08-10
19 patients,1063,2020-08-10
coronavirus outbreak,1033,2020-08-10
aged care,1025,2020-08-10
aug 10,1022,2020-08-10
gt gt,1022,2020-08-10
coronavirus via,1011,2020-08-10
100 mil,1004,2020-08-10
amid covid,1000,2020-08-10
face masks,986,2020-08-10
pandemia covid19,980,2020-08-10
impact covid,979,2020-08-10
year old,963,2020-08-10
bbc news,961,2020-08-10
august 2020,951,2020-08-10
19 tests,944,2020-08-10
last week,941,2020-08-10
19 virus,939,2020-08-10
24 hours,938,2020-08-10
spread covid19,932,2020-08-10
pandemi covid,931,2020-08-10
coronavirus argentina,928,2020-08-10
coronavirus testing,925,2020-08-10
casos covid19,924,2020-08-10
many people,918,2020-08-10
stay home,899,2020-08-10
thousands americans,898,2020-08-10
08 2020,888,2020-08-10
tens thousands,883,2020-08-10
160 000,881,2020-08-10
fox news,879,2020-08-10
19 relief,878,2020-08-10
coronavirus response,877,2020-08-10
stay safe,872,2020-08-10
death rate,871,2020-08-10
19 response,866,2020-08-10
looks like,866,2020-08-10
soon sir,862,2020-08-10
positive cases,859,2020-08-10
get covid,853,2020-08-10
mental health,837,2020-08-10
cases reported,835,2020-08-10
little evidence,834,2020-08-10
19 update,828,2020-08-10
coronavirus crisis,823,2020-08-10
000 americans,823,2020-08-10
test results,821,2020-08-10
cases coronavirus,816,2020-08-10
health care,816,2020-08-10
agosto 2020,815,2020-08-10
football season,813,2020-08-10
coronavirus update,808,2020-08-10
atlético madrid,808,2020-08-10
contagios covid,805,2020-08-10
us coronavirus,804,2020-08-10
go back,802,2020-08-10
face mask,801,2020-08-10
nueva zelanda,800,2020-08-10
big ten,796,2020-08-10
people died,793,2020-08-10
high school,788,2020-08-10
da positivo,775,2020-08-10
coronavirus trump,774,2020-08-10
20 millones,773,2020-08-10
america needs,764,2020-08-10
president pranab,764,2020-08-10
sharpest tool,763,2020-08-10
atletico madrid,762,2020-08-10
wearing masks,760,2020-08-10
via yahoo,759,2020-08-10
million cases,757,2020-08-10
positivos coronavirus,753,2020-08-10
died covid,752,2020-08-10
wear masks,751,2020-08-10
tool shed,751,2020-08-10
nearly 100,748,2020-08-10
days without,743,2020-08-10
trump coronavirus,743,2020-08-10
positivos covid,742,2020-08-10
report says,742,2020-08-10
corona virus,740,2020-08-10
muertes covid,739,2020-08-10
task force,734,2020-08-10
cases deaths,733,2020-08-10
coronavirus concerns,731,2020-08-10
via gatewaypundit,730,2020-08-10
total cases,729,2020-08-10
casos nuevos,720,2020-08-10
vacuna covid,715,2020-08-10
post covid,714,2020-08-10
19 coronavirus,713,2020-08-10
last weeks,712,2020-08-10
second wave,711,2020-08-10
go away,710,2020-08-10
get coronavirus,709,2020-08-10
number covid,709,2020-08-10
every day,706,2020-08-10
contact tracing,704,2020-08-10
000 kids,703,2020-08-10
fight covid,695,2020-08-10
first time,694,2020-08-10
covid19 deaths,688,2020-08-10
community transmission,686,2020-08-10
join us,686,2020-08-10
coronavirus test,683,2020-08-10
good news,681,2020-08-10
health officials,678,2020-08-10
19 death,677,2020-08-10
trump executive,677,2020-08-10
000 deaths,676,2020-08-10
alyssa milano,675,2020-08-10
new covid19,668,2020-08-10
19 positive,668,2020-08-10
india mitega,663,2020-08-10
positivo covid19,660,2020-08-10
children test,657,2020-08-10
contagios coronavirus,657,2020-08-10
narendramodi rsprasad,657,2020-08-10
in person,656,2020-08-10
coronavirus infections,652,2020-08-10
georgia school,650,2020-08-10
health director,648,2020-08-10
young people,647,2020-08-10
covid19 covid,645,2020-08-10
rsprasad pmoindia,641,2020-08-10
total number,640,2020-08-10
millones casos,636,2020-08-10
trump killed,632,2020-08-10
000 people,631,2020-08-10
protokol kesehatan,631,2020-08-10
around world,630,2020-08-10
000 dead,628,2020-08-10
social media,628,2020-08-10
response covid,628,2020-08-10
19 em,627,2020-08-10
july report,627,2020-08-10
champions league,626,2020-08-10
pmoindia bsnl4gnow,625,2020-08-10
million coronavirus,624,2020-08-10
public record,624,2020-08-10
mortes covid,623,2020-08-10
cases covid19,622,2020-08-10
60th birthday,621,2020-08-10
hair loss,616,2020-08-10
executive actions,615,2020-08-10
executive order,615,2020-08-10
covid19 vaccine,615,2020-08-10
casos activos,614,2020-08-10
home coronavirus,610,2020-08-10
fake news,609,2020-08-10
evidence public,609,2020-08-10
testing positive,603,2020-08-10
make sure,599,2020-08-10
trump administration,596,2020-08-10
california public,594,2020-08-10
prevent spread,592,2020-08-10
du coronavirus,590,2020-08-10
killed tens,589,2020-08-10
face coverings,588,2020-08-10
dr fauci,587,2020-08-10
open schools,587,2020-08-10
stop spread,586,2020-08-10
19 case,586,2020-08-10
mil mortes,586,2020-08-10
mitega india,583,2020-08-10
york times,579,2020-08-10
back covid,572,2020-08-10
covid covid19,570,2020-08-10
fight coronavirus,568,2020-08-10
get tested,566,2020-08-10
herd immunity,565,2020-08-10
get back,565,2020-08-10
coronavirus stimulus,564,2020-08-10
coronavirus lockdown,561,2020-08-10
lunes 10,560,2020-08-10
10 000,560,2020-08-10
vacuna coronavirus,559,2020-08-10
help us,559,2020-08-10
per day,559,2020-08-10
coronavirus two,558,2020-08-10
nuevos contagios,556,2020-08-10
social security,555,2020-08-10
common cold,552,2020-08-10
last 24,550,2020-08-10
coronavirus says,545,2020-08-10
covid19 covid_19,544,2020-08-10
trump says,544,2020-08-10
covid19 corona,544,2020-08-10
die coronavirus,542,2020-08-10
recovery rate,539,2020-08-10
months ago,537,2020-08-10
american people,536,2020-08-10
positif covid,533,2020-08-10
home deaths,532,2020-08-10
coronavirus last,530,2020-08-10
confirmed coronavirus,527,2020-08-10
fight covid19,525,2020-08-10
janice dean,524,2020-08-10
mukherjee tests,523,2020-08-10
schools open,521,2020-08-10
in laws,520,2020-08-10
com covid,517,2020-08-10
ny nursing,513,2020-08-10
global pandemic,511,2020-08-10
new normal,511,2020-08-10
increase covid,511,2020-08-10
coronavirus corona,509,2020-08-10
corona covid19,508,2020-08-10
total deaths,508,2020-08-10
quedateencasa quedateenclase,508,2020-08-10
independent investigation,505,2020-08-10
among children,504,2020-08-10
died coronavirus,503,2020-08-10
deaths reported,503,2020-08-10
face covering,502,2020-08-10
coronavirus death,500,2020-08-10
000 000,500,2020-08-10
via slate,499,2020-08-10
du masque,498,2020-08-10
lost in,498,2020-08-10
19 lockdown,497,2020-08-10
ministerio salud,497,2020-08-10
take care,495,2020-08-10
please help,493,2020-08-10
covid19 sarscov2,493,2020-08-10
evidence covid,493,2020-08-10
top story,492,2020-08-10
coronavirus disease,490,2020-08-10
need know,490,2020-08-10
end american,489,2020-08-10
single day,489,2020-08-10
100 días,488,2020-08-10
people dying,487,2020-08-10
muertes coronavirus,486,2020-08-10
high risk,486,2020-08-10
transmission covid,484,2020-08-10
people test,484,2020-08-10
ee uu,484,2020-08-10
laws coronavirus,484,2020-08-10
covid coronavirus,483,2020-08-10
dean lost,482,2020-08-10
19 transmission,481,2020-08-10
19 infections,481,2020-08-10
americans died,480,2020-08-10
study finds,480,2020-08-10
covid19 amp,479,2020-08-10
covid cases,479,2020-08-10
coronavirus new,478,2020-08-10
19 situation,478,2020-08-10
24 agosto,478,2020-08-10
pulled testifying,478,2020-08-10
hearings ny,478,2020-08-10
florida reports,477,2020-08-10
testifying hearings,477,2020-08-10
million people,476,2020-08-10
save lives,476,2020-08-10
signals end,475,2020-08-10
trump signs,474,2020-08-10
coronavirus briefing,474,2020-08-10
says pulled,474,2020-08-10
joe biden,473,2020-08-10
19 signals,471,2020-08-10
fin semana,469,2020-08-10
deaths per,468,2020-08-10
19 hospitalizations,468,2020-08-10
look like,467,2020-08-10
relief bill,462,2020-08-10
19 related,461,2020-08-10
would like,460,2020-08-10
loved ones,459,2020-08-10
post covid19,459,2020-08-10
lost job,459,2020-08-10
19 impact,458,2020-08-10
cases confirmed,457,2020-08-10
gone 100,455,2020-08-10
covid19 testing,455,2020-08-10
federal government,453,2020-08-10
reports record,453,2020-08-10
new report,453,2020-08-10
wash hands,450,2020-08-10
wishing speedy,450,2020-08-10
click link,448,2020-08-10
wan na,447,2020-08-10
times likely,446,2020-08-10
madrid privatiza,446,2020-08-10
rastreo casos,446,2020-08-10
port du,445,2020-08-10
since march,445,2020-08-10
covid19 positive,445,2020-08-10
kids tested,445,2020-08-10
hong kong,444,2020-08-10
via nytimes,443,2020-08-10
163 000,443,2020-08-10
million covid,442,2020-08-10
new death,442,2020-08-10
coronavirus covid_19,441,2020-08-10
pandemic covid19,441,2020-08-10
covid19 test,441,2020-08-10
62 064,441,2020-08-10
secret service,441,2020-08-10
president donald,440,2020-08-10
covid19 crisis,439,2020-08-10
sí quedateencasa,439,2020-08-10
kids get,438,2020-08-10
scaramucci stevehiltonx,436,2020-08-10
realdonaldtrump scaramucci,435,2020-08-10
get sick,434,2020-08-10
without community,433,2020-08-10
health ministry,431,2020-08-10
19 amp,431,2020-08-10
investigation nursing,431,2020-08-10
contagios covid19,430,2020-08-10
whitehouse realdonaldtrump,429,2020-08-10
rolling stone,427,2020-08-10
coronavirus mask,427,2020-08-10
fallecidos covid,427,2020-08-10
covid_19 coronavirus,426,2020-08-10
died covid19,425,2020-08-10
cases top,425,2020-08-10
19 recovery,425,2020-08-10
contact tracers,425,2020-08-10
small businesses,424,2020-08-10
orders coronavirus,423,2020-08-10
covid_19 covid19,422,2020-08-10
penyebaran covid,421,2020-08-10
people die,420,2020-08-10
coronavirus updates,420,2020-08-10
positive last,420,2020-08-10
response coronavirus,419,2020-08-10
aumento contagios,419,2020-08-10
via nbcnews,418,2020-08-10
mil casos,418,2020-08-10
zealand gone,418,2020-08-10
infected covid,417,2020-08-10
in the,416,2020-08-10
transmission schools,414,2020-08-10
19 data,413,2020-08-10
says covid,413,2020-08-10
american rolling,412,2020-08-10
coronavirus aid,412,2020-08-10
19 brasil,412,2020-08-10
resigns amid,411,2020-08-10
johns hopkins,410,2020-08-10
covid19 lockdown,409,2020-08-10
covid19 patients,408,2020-08-10
health department,408,2020-08-10
response covid19,408,2020-08-10
recovery sir,408,2020-08-10
child trafficking,407,2020-08-10
19 través,406,2020-08-10
coronavirus infection,406,2020-08-10
number cases,406,2020-08-10
toda prisa,406,2020-08-10
must read,405,2020-08-10
spread virus,405,2020-08-10
rejects independent,405,2020-08-10
dieron positivo,404,2020-08-10
หน ากากอนาม,404,2020-08-10
going back,402,2020-08-10
coronavirus little,402,2020-08-10
actor antonio,402,2020-08-10
covid19 lost,401,2020-08-10
10 august,401,2020-08-10
washington post,400,2020-08-10
du covid,400,2020-08-10
last month,400,2020-08-10
ángel correa,400,2020-08-10
says tested,400,2020-08-10
please retweet,399,2020-08-10
health amp,399,2020-08-10
virus covid19,399,2020-08-10
coronavirus transmission,399,2020-08-10
banderas tests,399,2020-08-10
53 mil,397,2020-08-10
trump covid,396,2020-08-10
million americans,395,2020-08-10
última hora,395,2020-08-10
bringing total,395,2020-08-10
pacientes covid,395,2020-08-10
deaths political,395,2020-08-10
global coronavirus,394,2020-08-10
got ta,393,2020-08-10
treating coronavirus,393,2020-08-10
agustus 2020,392,2020-08-10
60 años,392,2020-08-10
football fall,391,2020-08-10
nuevas muertes,390,2020-08-10
slow spread,390,2020-08-10
daily thanks,390,2020-08-10
schools reopen,388,2020-08-10
wear face,387,2020-08-10
coronavirus patients,387,2020-08-10
confirmed covid,386,2020-08-10
beat back,386,2020-08-10
immune system,385,2020-08-10
virus covid,385,2020-08-10
climate change,384,2020-08-10
dado positivo,384,2020-08-10
back work,383,2020-08-10
get covid19,383,2020-08-10
across country,383,2020-08-10
infected coronavirus,383,2020-08-10
pls help,382,2020-08-10
relief package,382,2020-08-10
impact covid19,380,2020-08-10
50 000,380,2020-08-10
cuomo rejects,380,2020-08-10
last days,378,2020-08-10
breaking news,378,2020-08-10
covid19 response,377,2020-08-10
people need,377,2020-08-10
privatiza toda,376,2020-08-10
nuevo coronavirus,375,2020-08-10
coronavirus india,373,2020-08-10
outside white,373,2020-08-10
according new,372,2020-08-10
dos semanas,372,2020-08-10
children immune,372,2020-08-10
prisa rastreo,372,2020-08-10
muertos coronavirus,371,2020-08-10
reported today,371,2020-08-10
deaths covid,371,2020-08-10
000 times,370,2020-08-10
record via,370,2020-08-10
coronavirus case,370,2020-08-10
population coronavirus,370,2020-08-10
window opportunity,370,2020-08-10
रणब खर,369,2020-08-10
incapacidad controlar,369,2020-08-10
crisis coronavirus,367,2020-08-10
side effects,367,2020-08-10
testing insanity,367,2020-08-10
qu il,367,2020-08-10
land covid,367,2020-08-10
controlar aumento,367,2020-08-10
19 covid19,366,2020-08-10
il coronavirus,366,2020-08-10
reopening schools,366,2020-08-10
19 plan,366,2020-08-10
common sense,365,2020-08-10
better us,365,2020-08-10
small business,365,2020-08-10
opportunity beat,365,2020-08-10
us 000,364,2020-08-10
2020 08,364,2020-08-10
covid19 virus,364,2020-08-10
stayhome staysafe,363,2020-08-10
nouveaux cas,363,2020-08-10
deadliest day,362,2020-08-10
cases children,362,2020-08-10
banderas da,362,2020-08-10
19 incapacidad,361,2020-08-10
cases among,360,2020-08-10
coronavirus tests,360,2020-08-10
sarscov2 forecast,359,2020-08-10
positivity rate,359,2020-08-10
america window,359,2020-08-10
coronavirus task,358,2020-08-10
coronavirus australia,357,2020-08-10
post coronavirus,357,2020-08-10
china virus,356,2020-08-10
prime minister,356,2020-08-10
19 infection,356,2020-08-10
covid transmission,356,2020-08-10
south africa,354,2020-08-10
people get,354,2020-08-10
du covid19,354,2020-08-10
mondaythoughts mondaymotivaton,353,2020-08-10
boris johnson,353,2020-08-10
latest news,352,2020-08-10
daily cases,352,2020-08-10
death population,352,2020-08-10
likely victim,351,2020-08-10
social distance,351,2020-08-10
200 000,350,2020-08-10
despite coronavirus,350,2020-08-10
cada vez,350,2020-08-10
school year,350,2020-08-10
record number,350,2020-08-10
trafficking die,349,2020-08-10
last year,349,2020-08-10
developing nations,349,2020-08-10
post office,349,2020-08-10
job pls,349,2020-08-10
schools says,349,2020-08-10
pela covid,348,2020-08-10
president india,348,2020-08-10
victim child,347,2020-08-10
10 agustus,347,2020-08-10
mil muertes,347,2020-08-10
corona coronavirus,347,2020-08-10
like covid,347,2020-08-10
child us,346,2020-08-10
cases new,346,2020-08-10
people like,346,2020-08-10
monday august,345,2020-08-10
got covid,345,2020-08-10
used hcq,344,2020-08-10
kebiasaan baru,343,2020-08-10
nuovi casi,343,2020-08-10
fared better,343,2020-08-10
feel like,343,2020-08-10
mask wearing,342,2020-08-10
vaksin covid,341,2020-08-10
coronavirus mundo,341,2020-08-10
even though,340,2020-08-10
of the,340,2020-08-10
one day,339,2020-08-10
india indonesia,338,2020-08-10
coronavirus related,338,2020-08-10
pandemic via,337,2020-08-10
new infections,337,2020-08-10
algeria india,337,2020-08-10
healthcare workers,337,2020-08-10
di kota,337,2020-08-10
nations algeria,336,2020-08-10
indonesia cuba,336,2020-08-10
cuba used,336,2020-08-10
hcq fared,336,2020-08-10
salud pública,336,2020-08-10
14 days,336,2020-08-10
people coronavirus,336,2020-08-10
american academy,335,2020-08-10
mil mortos,334,2020-08-10
coronavirus world,334,2020-08-10
19 closing,334,2020-08-10
lockdown covid19,333,2020-08-10
79 better,333,2020-08-10
19 spread,333,2020-08-10
die covid,333,2020-08-10
165 000,332,2020-08-10
19 symptoms,332,2020-08-10
even developing,332,2020-08-10
us treating,332,2020-08-10
help secure,332,2020-08-10
world health,331,2020-08-10
sounds like,331,2020-08-10
average 79,331,2020-08-10
work home,331,2020-08-10
mortality rate,331,2020-08-10
students staff,331,2020-08-10
covid19 last,330,2020-08-10
us covid,330,2020-08-10
covid19india coronavirus,329,2020-08-10
coronavirus average,329,2020-08-10
opening schools,329,2020-08-10
manufacturing covid,329,2020-08-10
killer fauci,327,2020-08-10
aumento casos,327,2020-08-10
unemployment benefits,327,2020-08-10
jim_jordan america,327,2020-08-10
well done,326,2020-08-10
trump said,325,2020-08-10
weeks schools,325,2020-08-10
secure job,325,2020-08-10
health official,325,2020-08-10
study shows,324,2020-08-10
19 restrictions,324,2020-08-10
football players,323,2020-08-10
adaptasi kebiasaan,323,2020-08-10
co uk,323,2020-08-10
going away,323,2020-08-10
department health,323,2020-08-10
reopen schools,323,2020-08-10
academy pediatrics,322,2020-08-10
tested covid,322,2020-08-10
fauci even,321,2020-08-10
whole life,321,2020-08-10
19 protocols,320,2020-08-10
covid19 end,320,2020-08-10
novos casos,320,2020-08-10
cases hit,320,2020-08-10
la pandemia,320,2020-08-10
top 10,319,2020-08-10
coronavirus face,319,2020-08-10
stands accused,319,2020-08-10
accused manufacturing,319,2020-08-10
रपत रणब,319,2020-08-10
banderas anuncia,319,2020-08-10
covid19 covidー19,318,2020-08-10
fact check,318,2020-08-10
tops million,317,2020-08-10
het coronavirus,317,2020-08-10
one thing,316,2020-08-10
sime vrsaljko,316,2020-08-10
seems like,315,2020-08-10
god bless,315,2020-08-10
pm et,315,2020-08-10
nikkihaley popcornfactory,315,2020-08-10
nytimes cnn,314,2020-08-10
deal coronavirus,314,2020-08-10
dos positivos,314,2020-08-10
come back,314,2020-08-10
china stands,314,2020-08-10
au coronavirus,313,2020-08-10
one small,313,2020-08-10
says williamson,313,2020-08-10
coronavirus restrictions,312,2020-08-10
need help,312,2020-08-10
19 may,312,2020-08-10
coronavirus news,312,2020-08-10
let get,312,2020-08-10
keep kids,312,2020-08-10
killed thousands,311,2020-08-10
mondaythoughts covid19,311,2020-08-10
covid deaths,310,2020-08-10
19 could,310,2020-08-10
sir due,310,2020-08-10
covid19 coronaviruspandemic,309,2020-08-10
dead americans,309,2020-08-10
yuvstrong12 campaignyolo,309,2020-08-10
โคว ด19,308,2020-08-10
talk us,308,2020-08-10
via googlenews,308,2020-08-10
negative covid,308,2020-08-10
wish speedy,308,2020-08-10
coronavirus 97,307,2020-08-10
school district,306,2020-08-10
2020 covid,306,2020-08-10
let us,306,2020-08-10
covid19 bot,305,2020-08-10
signs executive,305,2020-08-10
est pas,305,2020-08-10
coronavirus españa,305,2020-08-10
job one,304,2020-08-10
coronaviruspandemic covid19india,303,2020-08-10
000 covid,303,2020-08-10
08 10,303,2020-08-10
small recommendation,303,2020-08-10
recommendation change,303,2020-08-10
change whole,303,2020-08-10
dies covid,302,2020-08-10
million confirmed,302,2020-08-10
19 vaccines,302,2020-08-10
covid19 relief,302,2020-08-10
one child,302,2020-08-10
zero hedge,301,2020-08-10
sign petition,301,2020-08-10
dos casos,301,2020-08-10
wuhan lab,300,2020-08-10
19 patient,300,2020-08-10
000 muertos,300,2020-08-10
19 safety,300,2020-08-10
mouth concert,300,2020-08-10
read article,299,2020-08-10
next year,299,2020-08-10
disease 2019,299,2020-08-10
press conference,299,2020-08-10
health organization,298,2020-08-10
total confirmed,298,2020-08-10
buy song,298,2020-08-10
pruebas covid,298,2020-08-10
correa vrsaljko,298,2020-08-10
tell us,297,2020-08-10
entertain empower,297,2020-08-10
empower educate,297,2020-08-10
educate talk,297,2020-08-10
0208 090,297,2020-08-10
090 2121,297,2020-08-10
2121 hello,297,2020-08-10
hello fantasticradio,297,2020-08-10
fantasticradio co,297,2020-08-10
uk homeofpossibilities,297,2020-08-10
homeofpossibilities believeyourpossibilities,297,2020-08-10
believeyourpossibilities buy,297,2020-08-10
abc news,297,2020-08-10
contagio covid,296,2020-08-10
family members,296,2020-08-10
community spread,295,2020-08-10
deaths coronavirus,294,2020-08-10
per capita,294,2020-08-10
subjects covid19,294,2020-08-10
000 cases,294,2020-08-10
days community,294,2020-08-10
25 teachers,294,2020-08-10
300 000,293,2020-08-10
muertes covid19,293,2020-08-10
return school,293,2020-08-10
director resigns,293,2020-08-10
amid questions,293,2020-08-10
viral particles,293,2020-08-10
since june,292,2020-08-10
school reopened,292,2020-08-10
americans dead,291,2020-08-10
new confirmed,291,2020-08-10
number people,291,2020-08-10
hit 20,291,2020-08-10
são paulo,291,2020-08-10
us 0208,290,2020-08-10
covid19 cybersecurity,290,2020-08-10
child infected,290,2020-08-10
effects covid,289,2020-08-10
cases rise,289,2020-08-10
courses available,289,2020-08-10
get personal,289,2020-08-10
technology ai,289,2020-08-10
infected 25,289,2020-08-10
realdonaldtrump nytimes,288,2020-08-10
studies get,288,2020-08-10
risk covid,288,2020-08-10
schools plan,288,2020-08-10
america offers,288,2020-08-10
worthless covid,288,2020-08-10
live news,287,2020-08-10
medidas prevención,287,2020-08-10
19 updates,287,2020-08-10
visit discover,287,2020-08-10
discover vast,287,2020-08-10
vast affordable,287,2020-08-10
affordable concise,287,2020-08-10
concise courses,287,2020-08-10
available learners,287,2020-08-10
learners kindergarten,287,2020-08-10
kindergarten tertiary,287,2020-08-10
tertiary studies,287,2020-08-10
personal tutor,287,2020-08-10
tutor assist,287,2020-08-10
assist difficult,287,2020-08-10
difficult subjects,287,2020-08-10
end education,287,2020-08-10
da pandemia,287,2020-08-10
first covid,286,2020-08-10
coronavirus us,286,2020-08-10
cases increase,286,2020-08-10
realdonaldtrump trump,286,2020-08-10
testing site,286,2020-08-10
muertos covid,286,2020-08-10
offers worthless,286,2020-08-10
health workers,285,2020-08-10
caso positivo,285,2020-08-10
gates america,285,2020-08-10
results world,285,2020-08-10
south dakota,284,2020-08-10
cases today,283,2020-08-10
contagiados covid,282,2020-08-10
positivos covid19,282,2020-08-10
shooting outside,282,2020-08-10
mail in,281,2020-08-10
good health,281,2020-08-10
covid19 mondaythoughts,281,2020-08-10
dar positivo,281,2020-08-10
banderas reveals,281,2020-08-10
covid19 update,280,2020-08-10
people tested,280,2020-08-10
back to,280,2020-08-10
kids safe,280,2020-08-10
ministry health,279,2020-08-10
tests conducted,279,2020-08-10
since covid,279,2020-08-10
people still,279,2020-08-10
take look,279,2020-08-10
least 97,279,2020-08-10
playing college,279,2020-08-10
student athletes,278,2020-08-10
virus via,278,2020-08-10
tested negative,278,2020-08-10
banderas says,278,2020-08-10
437 new,277,2020-08-10
years ago,277,2020-08-10
kids back,277,2020-08-10
000 new,277,2020-08-10
winter coming,277,2020-08-10
economic recovery,276,2020-08-10
10 20,276,2020-08-10
know covid,275,2020-08-10
back normal,275,2020-08-10
162 000,275,2020-08-10
cybersecurity technology,275,2020-08-10
us covid19,274,2020-08-10
via usatoday,274,2020-08-10
pencegahan dan,274,2020-08-10
reopened one,274,2020-08-10
evitar contagios,273,2020-08-10
new study,273,2020-08-10
experts say,273,2020-08-10
cases us,273,2020-08-10
neck gaiters,273,2020-08-10
to school,272,2020-08-10
clinical trials,272,2020-08-10
south korea,272,2020-08-10
836 casos,272,2020-08-10
puede ser,271,2020-08-10
health minister,271,2020-08-10
deaths covid19,271,2020-08-10
presos políticos,271,2020-08-10
dan pengendalian,271,2020-08-10
da covid19,271,2020-08-10
buenos aires,270,2020-08-10
make deal,270,2020-08-10
anyone else,269,2020-08-10
health safety,269,2020-08-10
terapia intensiva,269,2020-08-10
case count,269,2020-08-10
ai sharpest,269,2020-08-10
coronavirus coronavirus,268,2020-08-10
august 10th,268,2020-08-10
marks 100,268,2020-08-10
particles subway,268,2020-08-10
free covid,267,2020-08-10
safety protocols,267,2020-08-10
kota surabaya,267,2020-08-10
covid19 death,266,2020-08-10
19 país,266,2020-08-10
19 concerns,266,2020-08-10
cases amp,266,2020-08-10
2020 covid19,266,2020-08-10
players test,265,2020-08-10
latest coronavirus,265,2020-08-10
death count,265,2020-08-10
coronavirus venezuela,265,2020-08-10
gavin williamson,265,2020-08-10
happens viral,265,2020-08-10
segunda feira,265,2020-08-10
case covid,264,2020-08-10
test covid,264,2020-08-10
fall sports,264,2020-08-10
reconsigap relawankemdikbud,263,2020-08-10
die covid19,263,2020-08-10
experts warn,263,2020-08-10
19 mundo,263,2020-08-10
wearing face,263,2020-08-10
law court,263,2020-08-10
maestros alumnos,263,2020-08-10
250 people,262,2020-08-10
could help,262,2020-08-10
19 numbers,262,2020-08-10
time covid,262,2020-08-10
kids covid,262,2020-08-10
justice legal,262,2020-08-10
tort covid19,262,2020-08-10
muertos covid19,261,2020-08-10
ciclo lectivo,261,2020-08-10
thelegallowdown law,261,2020-08-10
court lawyer,261,2020-08-10
lawyer lawfirm,261,2020-08-10
lawfirm justice,261,2020-08-10
legal case,261,2020-08-10
case ip,261,2020-08-10
ip scotus,261,2020-08-10
scotus tort,261,2020-08-10
ten presidents,261,2020-08-10
paparan prof,261,2020-08-10
prof kiki,261,2020-08-10
tentang pencegahan,261,2020-08-10
number coronavirus,260,2020-08-10
care homes,260,2020-08-10
positive tests,260,2020-08-10
people covid,260,2020-08-10
pengendalian pandemi,260,2020-08-10
kiki tentang,260,2020-08-10
physical distancing,259,2020-08-10
us citizens,259,2020-08-10
global covid,259,2020-08-10
every year,259,2020-08-10
plan reopen,259,2020-08-10
half july,258,2020-08-10
say covid,258,2020-08-10
coronavirus spread,258,2020-08-10
000 casos,258,2020-08-10
inicia ciclo,258,2020-08-10
top million,257,2020-08-10
want know,257,2020-08-10
educación continuó,257,2020-08-10
alumnos distancia,257,2020-08-10
coronavirus indiafightscorona,256,2020-08-10
great job,256,2020-08-10
please take,256,2020-08-10
dying covid,256,2020-08-10
cbc news,256,2020-08-10
44 386,256,2020-08-10
rest world,256,2020-08-10
masks work,256,2020-08-10
puso pausa,256,2020-08-10
pausa mundo,256,2020-08-10
lectivo maestros,256,2020-08-10
medidas sanitarias,255,2020-08-10
cure covid,255,2020-08-10
inicio pandemia,255,2020-08-10
children hospital,255,2020-08-10
000 muertes,255,2020-08-10
hot spots,255,2020-08-10
mundo educación,255,2020-08-10
re going,254,2020-08-10
update covid,254,2020-08-10
handling coronavirus,254,2020-08-10
fall due,254,2020-08-10
the coronavirus,254,2020-08-10
covid19 puso,254,2020-08-10
20 years,253,2020-08-10
distancia juntos,253,2020-08-10
cases india,252,2020-08-10
contagio coronavirus,252,2020-08-10
día hoy,252,2020-08-10
covid19 outbreak,252,2020-08-10
questions coronavirus,252,2020-08-10
paying 250,251,2020-08-10
kasus covid,251,2020-08-10
coronavirus covidー19,251,2020-08-10
rapid testing,251,2020-08-10
despite covid,251,2020-08-10
surabaya raya,251,2020-08-10
